,0.91187517,
1.108708984,0.87910125,
,,
,,
,,
,,0.929369898
,,
,,
,,
,0.855444365,2.043763607
,,
,,
,,
,,
,,
,,
0.788336294,1.566871705,0.765825259
,,
0.610478711,0.811567141,1.336128658
0.750764939,0.671477656,1.427774257
,,
,,
,,
,,
0.823400131,0.42748105,1.792486246
,,
,,
,,
,,
,,
,0.616830436,1.125696931
0.644977852,0.563178936,1.118426713
,,
,0.540949573,0.695327225
,,
,,
,,
0.593828019,0.58693273,0.886984126
0.323728733,,0.998303812
0.468240818,0.562710503,0.840952508
,,
,,
,,
0.904619691,0.452914702,1.945860088
1.085409736,,
1.187990968,1.685650712,1.848061802
0.487164916,0.843609182,1.511630436
0.825408583,1.385016694,0.981456944
,1.715501126,1.010532798
,,
,,
0.725776065,0.653240811,0.805622547
,,
,,
1.543109408,0.724738841,1.157753134
0.600890199,0.497820003,1.096366217
1.146032434,1.163913057,1.255086503
0.887113321,1.051945591,1.726848657
,,
,,
,,
,,
0.557300117,,1.319374906
,,
0.654016723,0.531043299,
,,
,,
,,
,0.41133318,1.242779969
,,
,,
,,
0.795664358,0.777658232,0.941096905
,1.5684473,1.348086756
,,
,0.864811061,1.133367441
,,
0.462383376,,1.075179529
0.537880807,,0.661997758
0.694639558,0.494416527,0.895193298
,,
1.614474658,,1.612812012
,,
0.663098853,,1.207005823
,,
,,
,,
,,
,,
1.56222629,0.652036302,0.728787976
,,
,,
0.605347946,,1.986311839
1.030373644,0.485604481,1.580193898
1.696683803,0.480727016,2.501569967
,,
0.69615751,,1.877259115
,,
,,
,2.036133944,1.962323053
0.878490306,,1.6290164
1.013664781,0.764631835,2.244926307
0.461330849,0.487063258,1.743201766
0.942278784,0.581779804,1.599430749
,,
,,
0.826462517,0.731730064,2.30834919
,,
0.706511819,0.978034253,1.539372626
,,
,0.636465479,1.686810521
0.74646098,,2.680702314
,0.975353449,1.492541859
,,
,,
,,
,,
,,
,,
,,
0.985920374,1.473623734,2.612642179
0.880798115,0.45741377,1.674225415
,,
,,
0.626985018,,1.504255926
,1.788861137,2.23707672
,0.699549086,1.192994819
,,0.94626458
,,
,0.755092266,1.358752557
1.007530537,0.834177404,1.920602641
,1.314966292,
2.195552679,1.260746776,0.649514816
,,
,,
,,
0.890329515,,0.567531274
,1.304612435,1.315591466
1.657458292,0.630828716,1.785355205
,,
1.361871842,1.278070853,1.301051265
1.423130218,,0.980281486
0.481018656,,0.8853861
0.46023574,0.394190504,1.548051403
1.297144217,,0.977709306
0.662863589,,0.63835246
0.581325488,1.002668754,
1.269096683,0.414911019,2.864328725
,,
,,
,,
,,
1.507856558,0.628387857,2.565250818
,,
,0.858743442,1.109681519
0.855703903,0.329254262,1.100797661
,,
0.716731179,0.94265265,2.281047431
0.626847216,,1.061540752
1.107546718,,2.799894428
,1.030556402,0.743631557
,,
,,
,0.890122863,0.798002902
,,3.025372635
,0.605307497,0.69468815
1.412078987,1.261585657,2.565314561
1.057828206,0.633754526,1.508531901
1.04717762,0.771252929,1.993548448
,,
1.485227666,3.833405531,1.459586179
0.740689276,0.337636316,1.179523892
1.940774807,0.675248243,0.742827691
0.768686945,0.40716367,1.240684401
,,
,0.746619605,1.334100405
,0.702430921,0.796394376
0.606431534,0.412569719,1.523878996
0.690849637,,1.617983541
,,
,0.465685947,1.882602012
0.398995461,0.377719792,0.834360078
0.540615591,0.767057525,1.025750139
0.940215221,0.504776186,0.826216456
0.666653309,0.63512306,2.502130756
,,
1.726526553,0.525265569,1.239158078
1.444674518,0.548188949,1.018444855
0.6153644,0.992791281,1.162521213
0.832773772,0.536182466,1.162533406
1.186256708,,0.608098813
0.565549948,,1.659261224
2.119516418,0.378476959,0.978067429
,,0.524820184
0.535852679,0.420827273,1.737559479
0.734439359,,3.224366106
,,
,,
,,1.124238737
0.541037187,,0.712416768
0.845690457,0.443579293,0.739054399
,,0.46451352
0.638857546,0.500417781,0.596001093
0.501465354,,2.318013228
0.746567163,,1.954206046
,,
0.585947273,,1.635958729
0.666862589,1.369685126,2.87865169
0.78772731,0.408054308,0.983075008
0.620042042,1.355655199,0.947321641
1.371676513,,1.103477216
,,
2.256238726,,0.775330985
0.851574326,,0.611025388
,,
,,0.803205201
,,0.527516359
,0.445869404,0.849500313
,,0.597897795
,,
0.786076615,0.51990947,0.510266371
0.978781047,,1.124789161
0.896300858,0.641958927,2.902138048
0.713000388,,0.656088007
,,3.764988096
0.69678762,,0.64938552
,,0.600120038
0.957026788,0.642018664,0.636596297
,,
,,
0.865386727,,1.360250731
0.716807133,0.388551585,0.631965829
0.883186407,1.027519225,1.66599885
0.815582435,,1.455312437
,,
0.64047252,0.465912473,1.016057515
1.030583183,1.127809974,0.863531088
,,1.064375948
0.580239576,,
,,1.19929544
0.505973383,,
0.614127908,,0.438009491
,,
,,
,,
,,
,,1.174206956
,,1.51039633
,,
,,
,,
,,1.221817852
,,2.192147469
,,
,,
,,1.713247789
,,
,,1.098653472
,,
0.701484246,,0.678785811
,,
0.452087857,,1.82504393
,,2.080703139
,,1.096163315
,,2.67739214
,,
1.095934274,0.77398289,1.106363744
,,1.697744552
,,0.93429115
,,1.58737949
,,1.073869967
,,1.13332598
,,0.97990893
,,1.030305184
,,1.993983652
,,
,0.587688628,2.054395358
,,2.264592657
,,
,,1.701936051
,,
,0.728974258,1.204734758
,,
,,
,,1.143615209
,,1.212304416
,,
,,1.080362169
,,
,,
,,
,,
,,
,,
,,
,,
0.746061919,,2.065025777
,,0.838489042
,,
,,1.310645312
,,
,,1.51759382
,,
,,
,,
1.273008295,,2.176486929
,,
,,1.011721047
0.600117828,,2.26462276
,,0.969554816
,,1.832540932
,,
,,0.879569082
,,
,,
,,0.666402993
,,
,,
,,0.724539816
,,0.991096447
,,1.183360747
,,1.884171122
,,1.606809106
,,
,0.626451988,1.80147558
,,
,,2.669227443
,,
,,
,,1.736329432
,,
,,
,,1.844073687
,,1.277583944
,,0.970925546
,,0.963066176
,,
,,1.071726699
,,1.108739278
,,1.722640872
,,1.722252157
,,1.565271044
,,1.697222534
,,
,,
,,0.765103075
,,0.980623996
,,1.185251962
,,1.393768947
,,1.326124255
,,1.202270789
,0.761200372,1.880679448
,,3.240150065
,,1.995359501
,,1.142146096
,,
,,0.918886642
,,
,,0.881923902
,,1.533389526
,,
,,2.217861635
,,2.108712495
,,0.994253065
,,
,,
,,
,,
,,0.719221644
,,
,,1.312742219
,,1.583193787
,,3.027841922
,,1.724788288
,,
,,1.722835511
,,
,,1.665704095
,,1.593954039
,,2.969857652
,,
,,
,,
,,2.388912921
,,1.811296955
,,
,,1.672568925
0.9799621,,2.420629404
,,1.475230961
0.895825255,0.557504482,1.882188272
,,1.982463245
,,
,,0.987202409
,,
,,
,0.484353422,1.64932747
,,0.725340523
0.607270378,,2.333054337
0.507742281,,1.358975645
,,
,,
,,
,,1.836874553
0.976247907,,2.730879862
,,
,,
,,2.743387001
0.441015642,,1.63998647
,0.480534745,1.687378336
,,1.211538106
,0.840912434,1.342438362
,,1.53807355
,,1.649421023
,,
,0.529373207,2.291778076
,,
,,
,,1.61940488
,,0.930052986
,0.4210066,1.364563431
,,
,,1.886224508
,,1.993227037
,,0.930489378
,,1.363774697
,,
,,0.801506272
,,1.746097605
,0.363932702,2.298630593
,,1.703383388
,,2.054445064
,,
,,
,,1.888467504
,,2.538036143
,,2.066716289
,,
,0.369591921,2.021276182
,,1.974081334
,,1.422395257
,,
,,1.618247642
,0.900689165,
,,
,,1.713954774
,,1.812203214
,,1.805735631
,,
,,1.61284299
,,1.805802151
,,1.634539051
,,2.365031718
,0.517565115,1.534222421
,1.050633546,2.551313296
,,1.497701416
,,1.908833854
,,
,0.658280819,3.204392846
,,1.596526486
,0.702490039,3.690124577
,,
,,
,,
,0.648043435,2.849732129
0.480778565,,1.465617244
,0.713319083,1.935103028
,0.588180976,1.733614783
,,1.794679102
,,3.323708873
,,3.494696769
,0.883843916,1.800858968
,,
,0.554217277,2.200751125
,,
,,
,,1.838445396
,,2.515306588
,,1.780005088
,0.747649085,1.393766652
,,1.295820162
,,2.368138547
,,1.879984649
1.582453551,,2.602771206
,0.804756969,2.356402727
,,1.255976758
,,5.099626897
,,
,,
,0.493216959,3.160483914
,,2.063650404
,,2.814694779
,,1.982509863
,,
,0.527145107,1.533091737
,,
,,
,,
,,
,,
,0.743396129,1.436642643
,1.074893072,1.504173093
,,
0.473215979,,2.336742237
,0.668526539,2.605825161
,,
,,1.743845113
0.461543513,0.461597682,1.886477553
,,2.363585267
0.760599548,,2.188872466
,,
,1.636274889,2.674155539
,,3.747139663
,,
,,2.436641426
,,2.416686729
,,2.467694345
0.39911756,,1.992869555
,,1.939882799
3.463752954,,5.059601192
,,2.220347691
,0.713806072,2.503112955
,,1.950152609
,,
,0.885590188,3.559631212
,,
,,1.600940877
,0.540277227,2.288668253
,0.479629195,2.997074227
,,1.531126631
,1.826527039,2.928758749
,,
,,2.156391736
,0.787953934,1.821810526
,,1.604842048
,,
,1.012335592,2.095164324
,,
,0.554844011,2.551805115
,,2.7225108
,,
,,
,,
,,
,,2.869203976
,0.45807302,3.369610099
,,
,,2.354526315
,,
,,2.267498046
,0.459115164,5.790111414
,,2.689225105
,,1.358910847
,,
,,
,,1.506623792
,2.157686737,4.83226098
0.543074763,0.545245367,3.246144324
,,2.328031763
,,
,,1.432246623
,,
,,2.342938236
,,4.278944732
,,
,,
,,
,,
,,2.688740301
,,
0.426077856,,2.481904188
,0.667676984,1.989357025
,,
,,
,,
,,
,,
,0.5452717,3.841149865
,,2.275858867
,,
,0.774498585,1.505935884
,1.274849134,3.098033787
,0.718282649,2.477457207
,,
,0.758424692,2.546463716
,,
,,2.248082172
,,
,,
,,
,,
,0.543219562,1.649850174
,,1.722508479
,0.449918503,2.989245065
,,
,,
,,
,,
,,
,,
,,
,,1.719705196
0.417541537,,0.751996702
,,
,,
,,2.193824886
,,
,,
,,1.543691468
,,
,1.017524321,2.152427087
,,2.432794066
,0.313147579,2.570053276
,,0.540019296
,,
,,
0.742468646,0.735680326,0.922135438
,,2.345610569
,,
,0.605236523,1.663269092
,,
,,1.421683607
,,
0.442871311,,3.021982763
,,1.354246467
,,
,,
,,
,,
,0.29873832,0.946778382
,,
,,
,,1.362684045
,,
,,
,,2.321165205
,,2.051735777
,,1.565281735
,,
0.802780533,,1.461283255
,,
,,
,,1.963582909
,,
,,
,,
,,
,,1.889440516
,,1.652382923
,,1.842107
,,
,,
,,
,0.592273508,1.848277668
,,
,,
,,
,,1.473380185
,,1.747437132
,,
,0.834929624,2.352476093
,2.12894898,2.827440116
,,5.537364627
,,2.048701079
1.985994674,0.531592334,3.751434786
,,2.355954323
,,1.702442199
,,1.544466023
,,
,,
,,
,0.570646472,2.256426053
,,1.114160848
,,
,,
,,
,,
,,1.954959662
,,
,,2.086541624
,,
,,2.594426687
,,
,,
,,
,0.649807412,2.127622017
,,
,,1.812213643
,,
,,
,,
,,
,2.264345765,1.109041262
,,
,,2.254978464
,0.66853971,1.616430881
,,
,,1.335624039
,,
,,
,,1.053342761
,,2.639608878
,,1.158701615
,,
,,
,,1.361337235
,,
,,
,,2.752676322
,,
,,
,,
,,1.737796808
,,
,,
,,
,,
,,
,,1.254244773
,,
,,
,,
,,
,,1.235038302
,,
,,
,,
,,2.216076863
,,
,,
,,
,,
,,
,,1.058463207
,,
,,
,,
,,
,,
,,
,,
,,
,,
,,2.188314143
,,1.893498162
,,
,,
,,
,,
,,
,,
,,1.058093933
,,
,,
,,
,,
,,
,,1.483392818
,,
,,
,,
,,
,,
,,2.447821734
,,
,,
,0.612667625,1.734502654
,,
,,
,,
,,
,,
,,
,0.334108958,1.888518183
,,2.036258533
,,1.321604024
,,
,,
,,
,,
,,
,,
,,
,,0.758307519
,,
,,
,,
,,
,,2.354524212
,,0.754293882
,,
,,
,,1.731690673
,,
,,
,,
,,
,,0.598319756
,,
,,
,,
,,
,,
,,
,,
,,
,,
,,
,,
,,
,,
,,0.359730112
,,
,,0.720064344
,,
,,
,,
,,
,,
,,
,,
,,
,,
,0.773987382,2.086966328
,,
,,
,,
,,
,,1.087139531
,,
,,
,,
,,
,,
,,
,,
,,
,,
,,
,,
,,
,,
,,
,,
,,
,,
,,
,,
,,
,,
,,
,,
,,
,,
,,
,,
,,
,,
,0.551081386,1.827311854
,,
,,
,,
,,
,,
,,
,,
,,
,,
,,
,,
,,
,,
,,
,,
,,
,,
,,
,,
,,
,,
,,
,,
,,
,,
,,
,,
,,
,,
,,
,,
,,
,,
,,
,,
,,
,,
,,
,,
,,
,,
,,
,,
,,
,,
,,
,,
,,
,,
,,
,,
,,
,,
,,
,,
,,
,,
,,
,,
,,
,,
,,
,,
,,
,,
,,
,,
,,
,,
,,
,,
,,1.285722675
,,0.496769506
,,2.93299004
0.445336519,,2.891360514
,,
,,1.688641839
,,
,,1.026051443
,,
,,1.479164238
0.600751759,,3.249054586
,,1.729004495
0.372348519,,2.934264768
,,
0.804515001,,1.872682993
0.489131093,,0.889480116
,,
,,
,,
1.779413697,0.883279558,1.541967103
,0.445436311,2.068831114
,,0.595220535
,,1.729963815
,,0.92776641
0.483183098,,1.452894205
0.519517213,,1.150199606
0.460306224,0.411326405,1.507723421
,,
,,1.992290896
0.687734561,,2.217834367
,,
,,
,,3.293728377
0.409374101,,1.375663069
0.417745424,,1.605330119
,,
0.371551216,0.441696194,1.005478709
0.397877896,,1.396113154
0.420496821,,1.530411723
,,
0.649508433,,1.027700498
0.611810846,,2.557423071
0.462112369,,1.357799674
,,0.747133099
,,1.21455857
,,2.113966731
,0.420974335,0.731225441
,,2.152946008
0.499233681,,2.846021017
,,0.638590533
0.968241317,,1.102734247
0.37678787,,1.731995331
,,1.194313021
,,1.378193951
,,
,0.382946838,1.533019009
0.963281485,0.518170444,0.652681879
0.28758608,,1.283018125
0.422010958,,0.943651664
,,2.195195297
,,
,,2.591174522
,,2.019048749
,,
,,2.399491137
,,
0.598786336,0.727107701,1.65562763
0.475942298,,0.837326163
,,1.219161186
,,2.056726142
0.542222948,,1.102418065
0.593706888,0.465697495,0.763441297
,,1.658903522
,,1.481237642
,,
0.32350222,,0.765144267
0.467195314,,0.889364453
,,
,,
0.376026963,,1.889571743
0.64914816,,0.950247421
,,
,,1.356123342
,0.439915656,0.944957795
,,1.436817373
,,1.422743806
,0.282991848,2.062808991
,,1.776774856
,,1.106822364
,,2.064867914
,,1.010567398
,,0.746502051
,,1.104998499
0.258128735,,1.341931967
,,
0.370794941,,1.944044596
,,1.17616816
,,
0.334090364,,1.659119791
,,1.244482724
,,0.636016641
,,
1.98715081,0.495266526,2.012812676
,0.430326134,1.860703356
,,2.431773114
,,
0.595098324,,2.250073177
,,1.281975757
,,1.796121706
0.572806675,,2.089511112
0.927983415,,1.785652898
,,0.922447954
0.703232006,,1.977397159
,,
,,
,,
,,
0.607879437,,0.74131976
,,
,,1.518614495
,,
0.430947393,,0.719566151
0.557167607,,1.24068666
,,
0.319773166,,1.633453432
0.342708981,,1.552112634
0.511041998,0.423320004,1.429393593
,,1.163626411
0.520520507,,1.967668263
,,1.127736085
0.26265594,,1.824980928
0.426651648,0.553413274,1.095876165
,,1.541675081
,,1.132800284
,,
0.333116442,,1.038331066
0.913599285,,1.920125322
,,
,,1.930065963
,,0.529844029
,,0.579706632
,,0.849364711
,,0.945823891
0.844590991,,0.97471492
,,0.558728359
,,1.393263497
0.269229981,,1.346949082
0.425450375,,1.291636887
,,1.574386716
,,
0.719665921,,1.846162369
,,
0.44092658,,2.50992347
0.506099742,0.434673399,1.039784387
0.586355873,0.277372325,1.286620362
0.329169488,0.332690216,1.46210617
0.435608711,,1.289670812
,,
0.294086401,,1.296201934
0.331519139,,1.498153168
0.678419074,,2.262606626
0.31914198,,1.669603911
0.481724719,,1.308976861
,,1.071612085
,,1.892566741
0.305040229,,1.329543048
,,
,,
0.401235149,0.341406749,1.155777002
,,1.795582877
,0.242330041,0.946222443
0.575113386,,1.528547235
,,1.253422874
,,1.498245352
0.571603827,,2.371777463
,,1.961911204
0.431081361,0.316946176,0.959948123
,,1.521891474
,,1.832561003
0.32559179,,1.26433975
0.37394608,,1.528834461
,,1.213001201
1.166221584,,1.137772796
0.427938358,,1.370139942
,,5.40411247
0.383749634,0.365701027,1.303375984
,,1.206653735
,,0.962607837
0.335404715,,0.761376207
,,1.632173444
,,0.530718629
,,1.300131439
,,0.719782544
,,
0.617868202,0.485677076,1.052508883
0.882066849,,1.658257385
0.672079275,,1.72178513
,,1.390047811
0.806022719,0.407277397,0.899646686
0.896925717,0.568152673,0.831183474
0.469858639,,0.998875151
0.657597086,,0.533682651
0.435721877,,1.072692271
,0.506449298,1.016827402
0.311621932,,0.787988581
0.448753977,,2.011980041
0.914623021,,0.570705098
0.291260291,0.503983046,1.208570877
,,1.38967405
,,1.743225061
0.328939687,,1.094628168
,,1.84698784
0.391898588,,0.865532196
,,1.287081368
0.568554927,,1.388116631
,,1.626233964
,,1.367926543
,,
0.314531516,,1.097034074
0.36486286,0.332191314,1.290179961
0.608730732,,0.900023159
0.419922657,,1.644281236
,,
0.400686788,,2.180010273
,,1.588060576
0.600977994,0.234400325,1.774441576
0.64671562,0.378587509,1.755532616
0.424276622,0.29656155,1.531375614
,,
0.574802648,0.309225125,1.674545675
,,1.485977893
,,1.029819662
0.738112205,0.726192001,0.714759771
0.669034444,,0.895366453
0.40526748,,2.105219241
0.44096382,,2.204094179
,,
0.391981001,,1.136741057
0.326889559,,0.96558326
0.570236161,0.297919834,1.593003954
,,
0.456943311,0.520178546,1.059884457
,,1.172016256
0.407809055,,1.340448272
0.387950424,,1.069149939
,,0.933285946
,0.312984715,1.007471584
,,
0.939836824,,0.872509804
,,1.718453503
,,
,,1.173834964
0.445402649,,1.24546028
,,1.435713696
,,
,,2.611828154
,,
,,
,,
,,
,,1.113388038
,,
0.519260271,,1.318163802
,,
,,
,,1.561459308
,0.298328122,0.975567193
,1.042970083,1.227478703
,,0.601020036
,,1.089762077
,,
0.518307653,,1.04722012
,,1.201685703
0.481546663,0.299975663,1.118267071
,0.355263191,2.305058684
,,1.341207222
,,
0.570017915,0.943307503,2.227638268
,,
,,1.321606125
0.491762428,,1.117920961
0.584358228,0.441152375,1.206257696
,,0.848265757
0.338901949,,0.922361692
0.406551436,,1.676730232
,,
1.308518839,1.045055844,1.109581847
0.923263668,1.064510379,0.913082908
,,
,,0.490843019
,,
0.335785181,0.419429158,1.195091074
,,1.725960715
,,
,,1.749276138
0.327295807,0.422722608,1.465640996
,,
,,
,,1.957722018
,,
,,1.197280848
,,
,,
0.405145723,,0.799516588
0.634147584,,0.848842758
,,2.1582041
0.455392596,,2.0864697
,,1.054404687
0.655925322,0.335340225,2.291952779
,,0.747964641
0.89171458,,0.984971673
,,
,,
0.444954734,,0.943568734
0.559136715,,0.85685781
0.446838393,0.687306332,0.847644407
0.315009694,0.682575479,0.957425276
,0.475453918,2.88605935
,,0.641226405
,,1.590995706
0.363264821,,1.64537759
,,1.288476326
,,1.204328185
0.641047048,,1.455962724
,,1.269919116
,,
,,1.203184474
0.581586118,,1.084942956
,,2.022085056
,0.574741819,2.284332322
0.659883321,,0.64944437
,0.948173781,2.096678464
0.84924909,0.391763921,2.144801034
,0.521600656,1.043216643
,,
0.330225137,0.421669413,1.521184732
0.595803666,0.30752837,1.56947251
0.428217668,1.089327119,1.468747494
,,1.023068428
,,2.237112289
0.447855714,0.567240148,2.774197902
,,1.42655895
0.386904403,0.552822518,0.988436653
0.876465262,0.629895388,1.249890308
0.320473344,0.369515133,1.293540724
0.398786013,,2.368959553
,,2.094158605
,,2.011887854
,,
1.022901473,,
,,
,,2.109911472
,0.408877476,1.587796486
0.463937584,,1.131543295
0.49346914,0.293452143,1.334209374
,,
,,2.067463203
,,
0.394345381,0.289541838,1.579260243
,,1.142263413
,,1.593905776
,0.543702636,1.696739614
,,
0.624786801,,0.546786674
,0.360151834,0.915139844
,,
,,
,,1.674134916
,,
,,2.160253786
,0.528513361,0.94007862
,0.720448048,1.071073945
,,
0.320899159,0.432769735,1.392328156
,,1.45568072
,0.623305652,1.368231571
0.470230496,0.460356678,2.317867178
,,
,,1.714607344
,,
,,0.696462447
,0.328145264,2.456113331
,,2.133949338
0.627523212,,
,,
,,0.848421086
0.475246843,1.269919447,0.937357384
,,0.760131487
,,
,,1.383344333
,0.385896431,0.915106854
,,1.695780236
,,0.752231276
,,
,,2.815586478
,,1.411844646
,,
,,1.705049772
,,
0.697121914,0.423726031,1.142582742
0.459754186,,0.665552347
0.258179475,0.249287999,1.317267935
0.614934038,,0.59450187
,,2.495193917
,,
,0.452395809,1.590568905
,,1.915267775
0.522617227,0.827252326,1.341984905
0.695310708,,0.848558938
0.394683397,,1.153686035
,,0.810566581
,,1.036144944
,,1.491178069
,,0.982236723
,0.305549473,1.582902231
,0.379213934,1.416863139
,,1.654788694
,,2.614478814
,0.513523786,1.601597287
,,0.915729726
,,1.980726596
,,1.17043042
,,
1.179518099,,1.407712072
,,0.884391401
0.451024976,0.578618752,0.948287558
,,1.042875462
,,1.011478082
,,1.028936503
,,
,,
,,
0.383619711,,0.78734103
,0.657988787,1.463800464
,,2.917901898
,,1.350966314
0.942021199,,2.424348358
1.182377771,0.680929653,2.337329584
,,0.907030356
,0.333156061,1.617513559
0.424518942,0.83365761,0.756092252
,,1.612897203
,,
,,
,,0.898491588
1.218023347,,0.643214146
,0.881950336,1.485400901
0.5707715,,1.942519189
0.325868092,,1.042915128
,,
1.17716084,0.899186569,1.090574173
,,
,,1.250916516
,,0.856977912
,,
,0.861512339,2.28581588
,,0.531572226
,0.520041903,1.055165489
,,
,,
0.335083725,0.713112236,0.916711209
0.444936095,0.740743235,1.449215565
,0.697809023,
,0.307338188,1.09095658
,,
,,1.317793152
,0.478788027,0.587744115
,,1.368667943
,,
,,1.501108611
,,0.918026461
0.332059625,0.307657465,1.505502699
,,1.066443212
,,0.736436807
0.358749933,0.587278277,1.362998602
0.520556731,0.540911352,0.985858953
,,0.956072748
,,1.386098835
,0.557367303,1.258578042
1.019680014,,0.479419788
,,
,,1.497243288
,0.591809796,1.645502613
,,1.869826239
,0.390408977,1.107422453
,,1.898440398
,,
,,
,,1.211402988
,0.653782255,1.551658211
,0.523589279,1.973604184
,,1.172569834
,,
,,1.136525456
0.512542578,,0.796363229
,,
0.342964785,,1.281777363
,,1.960328589
0.141546675,,0.820627353
,,
,,
,,1.349613941
,,1.380158222
,,
0.304447855,,1.100777076
,0.961424031,1.713583613
,,1.164053783
,1.320117528,0.763106692
,,
,,
,0.65476794,0.966084035
,,
,,1.349495789
,,0.897009524
,,
,,1.765573592
,1.767337063,
,,
,,1.006010983
0.655598217,0.687834711,0.89348272
,,1.025498339
,,
,,0.588055857
,,
0.637489509,0.422478954,1.032838445
,,
0.328844305,,0.694770329
,,0.608533308
0.824965353,0.548838663,1.071147766
0.407163641,,2.158643405
,,
,0.868369772,0.93719244
0.937304133,1.568855587,
,0.53553794,
0.54520145,0.800482853,1.585099777
,,
,,
,,
,0.408046396,0.418765704
0.319805941,0.288971728,0.501257228
,,0.621950452
,,0.973683301
,,
,,0.803934011
,,
0.327812357,0.308873353,0.529440565
,,1.646926913
0.67396293,0.597379882,0.759196705
,,
,,0.623035396
0.362532575,,1.085819641
,,
,1.735334271,0.693366772
,,
,,
0.404112541,,0.861444037
,,
1.129538903,0.808596256,0.974530893
0.626961603,0.527792456,1.454575737
,,
,,
,,2.20081358
0.542474862,,1.017765221
,,
,,
1.51087356,0.929803488,1.170521
,,
,,1.159265926
,1.396953847,0.847431224
0.319652793,1.461095862,1.363538842
,0.328292001,0.56884342
,0.509964387,
0.590854947,,1.08768418
,0.335306743,0.481343887
,0.454867588,0.490826299
,0.764220334,0.472080446
,,
,0.313149574,0.715098756
,,
,,
,0.744397746,0.484611922
,,
,,
,,
,,
,,0.779175017
,0.437342882,
,,0.718377928
,,
,,
,0.587928927,0.540979528
,,
,,
,,
0.328605309,,1.528267902
,0.472719399,1.170199898
,,
,0.661021829,1.247683303
,,
,,
,1.077073923,0.317864003
,,
,,
,,
,,
,,0.649722987
,,
,,0.489106762
,,
,,
,,
,,
,,
,,1.056959952
,,
,,
0.502839444,,0.965151828
,,
,,
,,
,1.000973189,0.830614611
,,
,,0.676148953
,,
,1.077271115,1.203095845
,,1.367307595
,,1.458466128
,,1.533277455
,,
,,
,,
,,
,,
,0.694386348,0.806636037
,,
,,
,,
,,
,,
,,
,0.372577185,
,,
,,
,,
,,
,,
,,
,,
,,
,,1.374380104
,,
,,
,0.775979962,0.484758678
,,1.260881787
,,1.100705517
,,
0.986626947,0.401389849,2.399105031
,,1.28836282
,,0.821760131
,,
0.416030613,,0.664966345
,,
,,0.898506753
,,
0.538969603,,1.219897722
0.509458507,0.384329145,1.467041424
0.476198223,,0.641076449
0.833740542,,1.270322005
,,1.527073753
,,
0.47721429,,0.946628814
,,
,,
0.718266603,,1.123761815
,,
,,
0.380674871,,2.962302304
0.716023974,,1.945768078
,,1.651808969
,,1.957555535
0.3656705,,1.503500491
,,
,,
,,
,,
,,
,,
,,
,,
,,
,,
,,
,,
,,
,,
,,
,,
,,
,,
,,
,,
,,
,,
,,
,,
,,
,,
,,
,,
,,
,,
,,
,,
,,
,,
,,
,,
,,
,,
,,
,,
,,
0.860367939,,2.346084001
,,2.897396476
,,3.731037144
,,
,0.721225092,2.113900872
,,1.366789429
0.674744098,,1.909622142
0.56117603,0.554679848,1.344686553
1.339679478,,2.768358586
1.263284926,,1.818854745
,,
,0.4492085,1.694574724
,,
,,1.042321745
0.596941622,0.616445959,1.547609899
,,2.074808568
,,1.055383491
0.882793754,0.595733476,2.122701823
,,0.660401132
,,
0.99122833,,1.927529296
0.546947704,,1.310139007
,,1.133703716
,,2.829411354
,,1.466646357
,0.435673032,0.799518258
,0.616983869,2.111703033
,,
,,1.356562407
,,0.708171461
,,1.381612155
0.608134467,,2.402060832
,0.739346088,1.033897203
,,1.872381936
0.472825745,0.463072994,1.493644799
0.770629728,,1.833228076
,,2.899484481
0.650059122,0.735703793,0.870965606
,0.670215811,1.200534023
,0.990270519,0.942044918
,,
,,
,,1.339733224
,,
,0.492388035,1.916244142
,0.927527827,0.858268262
,,0.729443841
,,3.642898028
0.951528994,1.335509858,1.67811535
0.830660209,0.752843751,2.5867065
,,2.190836083
1.277589235,,1.904797887
,,2.277753198
,,1.080401515
,,
,,0.688290054
,,1.561727563
0.934240321,,2.654175893
,,1.950714518
0.663338711,0.486741298,1.974072876
,0.396796677,1.963634451
,0.54364879,0.938929665
,,1.433267971
,0.444398171,
,0.530665363,1.306045184
,0.449645691,1.125517214
2.226594572,,1.804963567
,,2.026197053
,,0.836766345
,,1.155336849
1.528933002,1.111223649,1.298445716
0.452199458,0.723479879,0.828310583
,0.461142737,
,0.37540091,1.578703616
0.695041125,,2.114594111
2.16569599,,2.733953884
0.86200513,,2.106496543
,0.526745325,1.493139189
,,0.928645553
0.553836716,,0.580555607
,0.511097966,0.957972875
,,0.508000108
,,
,,1.227294981
,,
,0.739735735,0.769439939
,0.334241042,0.969934132
,,0.734160603
,,
,,
,,
,,1.522449704
,,1.363236823
,,1.629468524
,0.499588523,
,,
0.712959311,1.516185331,1.725312014
,,
0.782521931,,1.914950942
,,
,0.397511851,0.767714155
,,
,,0.882111245
,,0.904743561
0.572986693,0.676235007,1.307977637
,,1.644239431
,0.492479223,0.886499115
0.392114985,,1.028416601
,,1.900099078
,,0.73271584
,,0.653821623
,,
1.052456114,,1.831391169
1.457448458,1.065652075,0.693210643
,,0.525441854
,0.397203277,1.102154203
,,
0.751255887,,1.226331943
,,1.070365614
1.031106338,,0.610519445
,0.62332148,2.008073698
0.327655787,0.262890705,
,0.635348053,1.073261411
,,0.634475344
0.933299187,0.488404827,0.744763759
1.205592479,,1.032663238
,,
0.539080114,,3.066888123
,,2.869119607
1.101849984,0.643078038,1.446336606
0.500649827,0.44834986,0.779395671
,0.844951205,0.934010223
,,1.727630139
0.599698528,,0.529924378
,0.45197334,1.013549349
,,
,,1.369024129
0.581648427,,1.487082759
,,
,0.597829531,1.1987619
0.556877189,0.518563687,1.354569468
0.58951733,,0.661820936
0.641106221,0.994770104,0.750894179
0.359463186,0.31266394,0.53682338
,,0.696449426
,,0.677697625
0.871097889,0.656683441,1.190225763
,,
1.071216785,,0.988044924
0.699598246,,1.124892617
,,1.124589778
,0.594140205,1.026807939
,,1.369621587
,,1.321561273
0.858514231,0.502782499,1.227003197
,0.65785838,0.998069033
1.347522526,,2.534211142
0.38177018,0.414980252,0.511573489
,,
0.450756888,0.724151378,0.734714608
,,2.201169026
0.45529559,,0.617242996
0.988866883,,2.307665323
,,
0.828772171,,0.892495162
0.666554425,0.506396727,
,0.377618548,0.82151866
1.139483188,,0.937565164
,,
,,
,0.805139472,0.652140759
0.670887151,,0.882239991
,0.940923001,2.214836775
,,
,,
0.607207989,0.453151267,2.751531931
0.631495063,0.555409639,1.198936961
0.665134541,0.573355582,1.250752681
1.37478242,0.545365139,0.840020199
0.618167331,,1.919640035
0.542654686,0.887566519,0.84891363
,,
0.325267362,0.304107342,1.335611873
,,2.728728885
1.560577621,0.376537774,2.287682985
0.409690127,,1.599898542
0.879868058,0.697325791,2.097846722
,,
,,1.75954384
,,
,,1.826878428
,,
0.477627027,,3.572349707
1.107166992,0.586167213,2.140023544
0.572823289,0.724258967,2.255743656
,,
,,
0.497963255,0.411384985,1.781362679
0.687593203,1.25639866,0.683948739
,,
1.290963474,0.79497847,2.082919985
,,
0.68037871,0.994670286,1.306171208
1.091906356,,1.75595656
1.578052064,0.727692967,2.711355699
0.623964683,,2.499027835
0.605338296,,1.424430734
,,
0.718440835,0.782635315,3.08420532
0.587777229,0.61944368,1.869801761
,0.423026576,2.21374186
,,
,,
0.385660628,,4.113101228
1.025554053,,2.785296811
0.461043106,0.958056557,2.086231783
1.253713181,0.589178984,3.499394558
0.8771921,0.502509293,1.759197756
,,
1.174731886,,2.078021892
0.700924983,0.448294638,2.432235736
0.981909108,,3.181806967
0.803818862,0.468001292,2.499111201
0.832702855,0.627729465,1.609973529
1.404356036,0.780439606,1.520933511
,0.620102405,1.608022833
,,
1.744336422,0.570925108,3.563924949
,,
0.825282703,,2.159928351
,2.053342115,1.878454271
0.679102266,,1.602728692
0.580605907,,1.841668379
0.771382353,0.560054205,0.922234902
,,
,,
1.006086279,0.604511253,1.903906421
1.611781267,0.845203037,2.572339306
1.171343419,0.969183667,1.655783601
,,
0.947880878,0.721147121,2.807543393
1.735454915,1.681615424,2.822844656
,,
0.5096066,,2.268467982
0.703323764,,2.826184222
0.688560283,,4.004821736
,,
1.111695407,0.762807305,0.996037519
0.394953984,1.422420198,1.256098737
0.697291123,,1.801073464
1.33023008,1.07059154,1.629995185
,,
,,
,,0.967842889
,,
0.977241558,0.778276892,2.294601707
,,2.017258611
0.609110228,,1.642991002
1.346702766,,1.414688877
0.992387383,0.739738616,1.355145572
,,
1.077220756,0.433966829,1.833274547
,,1.235542923
,,0.764229601
,,
0.955095474,0.941793111,0.884195333
0.699525967,1.034119145,2.460474327
,1.233844703,2.986901473
1.19209647,,1.879123384
0.888382087,,2.172646121
,,
1.381611778,1.323741259,1.618063973
0.793144387,0.659692625,1.769309302
1.229356114,,2.126603284
1.029884219,0.431628603,2.101750414
,,
0.697742961,1.095531237,1.322630327
,,
1.761613715,0.933502311,1.248643939
,,
0.666321755,0.767913449,2.293202386
,,
0.669921938,,1.973252249
1.070110214,,1.694783861
,,
1.165233457,,2.824276023
0.475303514,0.690383336,0.881907367
1.523787162,0.93076533,1.570660749
1.006115536,0.671334736,2.689363263
,,
0.763094211,0.503148038,2.169363478
,,
,,
,1.456161763,1.182377255
0.560348774,,1.541494328
,,
0.739405327,0.594642007,1.066896313
,,
,,
,1.035616311,1.659234967
1.929167455,0.46302101,1.667241464
,,
1.13548587,0.450703048,2.344495104
0.487732067,,1.359741798
1.353994098,,1.803693762
,,
,,
,,
,,
,,
,,
1.800812824,0.510081924,1.851240075
0.598866182,,3.415144267
,0.934268959,1.083193968
,,
,,
,,
0.803984718,0.567004761,1.826292927
,0.401500416,2.152130967
0.73958199,0.904953278,2.614430682
,,1.757179438
,0.861354686,1.03436678
,0.970949048,1.599503764
,,
,0.555494574,1.506194565
,0.675907297,1.533178976
,,
,0.740191116,0.888297519
,,1.076795861
,0.617105399,2.608327294
0.73915184,0.457555649,1.899886126
0.717869725,0.819312791,2.141806557
,,2.230392744
,,0.785888987
,,2.464836003
,,1.894810036
0.38136071,,1.14274409
,,1.140569399
,0.403586654,0.683788888
,,
1.634393784,,2.047862337
,0.324494629,0.642085303
,0.481300463,0.816544369
,,
,,
,0.501056763,1.443628626
,,
,,
,,2.083019936
0.809816307,,2.412460398
,,0.657001038
,,
,,
,,
,,
,,
,,
,,
,,
,,
,,
,,
,,
,,
,,
,,
,,
,,1.165505943
0.954671137,,1.206722718
,,
,,
,,
,,
,,
,,
,0.384660764,1.817082468
,,2.589853784
,,0.618810887
,,
0.43472703,0.50190931,1.151186077
,,1.253218158
,,2.947893994
,,
,,1.271604714
,,1.831366779
,,0.983935784
,,1.127752102
,,
,,1.213171698
,,
,,
,,1.6513404
,,
,,
,,
,,
,,
,,
,,
,,
,,
,,
,,
,,0.99875507
,,
,,
,0.665794917,1.585589144
,,
0.74643259,,1.184470914
0.931242636,,2.06665421
,,0.742698219
,,
,,
,,
0.537244616,,1.38628655
,,1.810589902
,,
,,0.844866589
,,
,,0.931265255
,,0.977199346
,,0.687852611
,,
,,
,,
,,
,,
0.546466807,,1.327871972
0.478604037,0.910544852,0.970936906
,,0.65642857
,,1.185252164
,,1.484362316
,,0.460741699
,,
,,
,,0.758331224
,,
,,1.680663566
0.825100841,,1.196202013
,,
,,1.630002372
,,1.295353447
,,
,,
,,
,,
,,
0.677813752,,0.671416642
,,
,,
0.789334905,,1.05043352
,,
0.539813176,,1.019837947
1.156961619,0.787927518,1.665173186
,,1.626286048
,,1.036917486
,,
0.586955977,,1.037627404
0.655912162,,1.901757865
,,
,,
,,
,,
,,1.880360412
,,1.400525527
,,1.277605564
,,
,,
,0.686270601,1.833707583
,,
,,2.87342479
,,
,,1.346011652
0.935408258,,1.937087518
,,
,,
,,
,,0.652732019
,,1.369383601
1.378440283,,0.690633973
,,
,,0.995942923
0.461398837,,1.230780647
,,1.098788877
,,
,,1.358309669
0.792994927,,1.876316768
,,0.708568446
,,0.935961722
,,1.259530398
,,
,,0.765435574
,,1.268239841
0.506913853,0.539634648,2.139760324
,,
,,
,0.867128551,0.705542454
,,
,,
,,0.861713514
,,
,,
,0.541415566,
,0.625859188,1.11055845
,,
,,1.172870913
,,
0.438077894,,1.903201842
0.626993114,0.48444917,1.718359286
,,1.374359743
0.740592492,,2.214234316
,,1.052524069
0.572824182,,1.03064493
,,1.036531899
,,
,0.775049506,1.272030206
,,
0.540616409,,1.890462639
,,
0.573071091,,1.524015696
,,
,,
,,
0.719715491,0.916842595,1.681541285
,,3.51301325
,,2.212145037
,,
,0.774010537,1.43876437
,,
0.38383925,,1.599387677
,,
,,1.653281254
0.795461947,,1.389015159
,,1.38215602
,,0.485740266
,,
0.572454793,0.832504462,1.943179436
,,
,,
,0.433134726,0.635237702
,,1.485184489
,,1.694369265
,,
,,
1.306677188,,1.038136383
,,1.233392276
,,
,,
,,1.91233819
,,
,,1.570842282
,,
,,
,,
,,2.106263187
,,
,,1.633514396
,,
,,1.501549129
,,
,,0.966764316
0.839042351,,1.691207352
0.71746721,,2.519491574
0.630380687,,2.080760875
0.844766752,,2.376303234
0.828510344,,0.906777973
,,1.80116072
0.463979126,,1.37486527
,,1.446190774
,,
,,
,,0.79220417
,,
,1.71783531,0.844378594
,,1.326910301
,,
,0.917220042,1.064433351
,,
,1.091665975,1.741400879
,,1.405679021
,,
1.029005581,,2.018716761
,,
,,
,,1.058956805
,,1.399773499
,,
,,
,,
,,0.995217696
,,1.141401514
,,
,,
,,
,,1.745644761
,,
,,
,,
,,
,,1.505069697
0.692198933,,1.402016528
,,
,,
0.684067835,0.541935272,1.65241293
,0.690760154,1.111283559
0.633599119,,2.035787431
,,1.424199033
,,2.504992072
,1.042403968,0.904642894
,,1.032002635
,,1.072464211
,,
,0.690202268,0.769477848
,,
1.409614053,,1.781749003
,,
,,
,,0.879155985
,,2.388125141
,,2.554884325
,,
,,
,,
,,0.449691714
,,
,,
,,
,,
,,
,,
,,
,,
0.483585882,,1.931045357
,,
,,
,,
,,
,,1.374771921
,,
,,
,,1.861915036
,,2.168419247
,,0.544332001
,,1.059308389
,,1.510134215
,,
,,
0.469508536,0.526864543,2.043680113
,,
,,0.531947429
,,
0.605718521,,1.683145249
,,
,,
,,
,,1.030661815
,,
,,
0.421671036,,1.145231361
,,
0.603761501,,1.795072289
0.839016669,,1.700029602
1.095389375,0.64824678,1.137027325
,,
,,1.326958554
0.723699801,,1.589741359
,,0.639151975
,,
,,
,,
,,0.876827265
,,1.064789057
,,
,,
,,
,,
,,
,,0.970236586
,,
,,1.367571085
,,
,,
,0.554667125,0.904732263
,,
,,0.724921006
,,
,,
,,1.59081039
,0.618203251,1.124650243
,,1.440655577
,,
,,
,,
0.542897601,0.873109666,1.270127317
,0.989532494,1.062162287
,1.111213856,
,,
,,
,,
,,0.592906691
,0.695642637,
0.366920538,,1.522516778
,,
,,
,,
0.605255304,,1.53244715
,,
,,
,,
,,
,,0.839399819
,,1.165812455
,,
,,
,,
,,1.227932363
,,
,,
,,
,,
,,
,,0.691084326
,,1.27905328
,,
,0.679818898,0.551167151
,,
,,0.765070402
,,
,,1.447038639
,,0.85318855
,,
,,0.504338886
,,0.640513733
,,
,,
,,1.410267787
,,0.844070222
,,
,,
,,0.626859147
,0.982252242,2.018657986
,,
,,1.15917032
,,
,,
,,
,,0.62130473
,,
,,
,,
,,
,,
,,
,,
,,
,,
,,
,,
,,
,,
,0.448553182,1.682451071
0.353672536,,2.344472404
0.646264277,1.808514042,1.913790431
,,0.94986918
,,
,,1.180241952
0.790309988,0.721940677,2.226475936
,0.661266182,2.175274264
0.524302263,0.732122684,1.186542579
,1.24784539,
,,
,,
1.072432851,,2.507099119
,,
,,
1.390438871,,1.927439351
,,2.129219664
0.565973911,,1.122121626
,,
,,1.607208857
,,
,,1.529122119
,,1.973792614
0.841063325,1.000270331,2.133447845
,,
,,
,,1.070423611
0.760897324,0.946600237,1.616783633
0.350019162,,1.372877719
0.305928288,,1.137267958
,,0.948063369
,,0.52478643
,,0.53750557
0.484406661,,1.445208942
1.643681417,1.225538831,2.850839904
0.58212017,,1.135458826
0.439118455,,1.194984375
,0.581147456,2.169141223
,,1.251201831
,,0.530466892
,0.709569628,
,,
0.407763582,,0.698114886
,,1.198141736
,,
0.883315954,0.812797159,1.157942916
,0.39903981,1.331768439
,,
,,1.691892743
,,1.007258259
,,
,0.27747533,1.646991273
,,
,,
,,
,,1.101214888
1.255928009,1.579702007,3.390496329
,,1.505998206
,,
,,
,,
,,
,,
,,1.242570015
,,
1.601598414,,0.760648042
,,1.898041611
,,
1.684237484,,0.851629311
,,
1.431920642,1.041861193,2.012069024
1.516000208,,1.085134223
0.694165265,0.816352402,1.599245745
0.617299287,,1.161824869
0.56636876,1.448322587,1.443387952
0.522260344,1.643319966,1.410378049
,,
,,
0.767818713,,0.849234825
,,
0.719741128,2.272186741,2.07368566
0.428652939,0.464437172,1.859744177
,,0.460771262
,,0.958281868
0.918666547,2.721168058,1.979363221
0.635974768,2.373727808,1.551324642
,,1.318698308
,,0.66024415
,,
,,
,,1.445154586
,,
0.417614739,,1.762418448
2.153693759,0.768772789,1.892323799
,,0.668229047
,,1.328176298
,,
1.018423376,0.423355442,1.844956007
,0.775223631,1.623148218
1.468855077,,2.639151143
,,1.766955111
0.823354258,,1.525762001
0.431952994,,1.452394916
1.089298086,,4.80470138
0.434699705,,1.988482496
1.216499117,1.245258889,1.80457756
0.507399674,,5.652239867
0.351335137,0.845815663,1.353845148
0.623475871,,1.017547061
1.314580351,,0.703251916
1.571797399,,1.800593623
1.153856879,0.487390593,3.224279423
1.570833593,,1.511753466
,1.054120115,1.342275486
0.519436257,0.943138028,1.007802288
1.561326866,0.608350511,1.610340452
0.615519158,0.646650396,0.586389023
1.324119748,,2.960133597
0.692625492,0.415244741,1.692884162
1.633067442,1.091663321,2.639068765
,0.545305566,1.68101964
0.781502302,0.78881058,1.36720057
,0.621193937,1.442503445
,,2.003549433
,,1.797850009
,,2.158453349
,,
,,2.64026113
0.749448874,,1.044480984
1.595704774,1.787937438,0.846328507
0.795780799,,2.142970202
,,
0.523240862,,1.48614372
0.522259285,,1.083754316
0.630438037,0.355983618,2.667802985
1.307333516,1.412565647,2.069598151
,0.732805569,1.597696456
,,
,,0.793923838
0.734061935,,2.457933547
,0.405126534,1.428280407
,,0.833361195
0.621164151,0.567598488,1.756079441
,,0.480558335
0.674617618,0.546090551,2.585211284
,,
2.289154439,1.821713019,1.315546133
,,1.641537514
,,3.917469889
,,0.839588121
,,0.703521506
0.883784459,0.844275238,1.054240416
,,0.79081224
,,1.053386348
,,
1.014115787,0.559942041,0.835793468
1.080336981,0.578855288,2.830610909
,,
,,1.721982919
1.256555489,0.3831576,1.449051933
0.520808294,2.305364915,0.658944742
,,0.736060977
0.358415511,,1.017369629
0.413833087,2.505461464,0.664767852
,,1.155288973
,,1.22989426
,0.535335241,1.792464539
,1.461367238,1.052411899
,2.211239856,2.085683225
,,
,,
0.480456255,0.483892762,2.08749395
0.614802189,0.843619057,0.993851834
,2.060123497,1.172531996
0.4851891,0.595735233,2.288906549
,,
,,
1.053211469,,1.540965466
,1.733764375,0.904515076
,,
0.385039767,1.827786375,1.135913781
1.380771512,1.462489692,1.473396965
3.030560575,,4.269743887
,,0.98614361
,1.128411961,2.500585441
,,
2.242783309,,4.045909875
,,
0.534363426,2.53360297,2.303429338
,,0.415405879
,0.831304745,3.871875433
1.768507911,1.108578137,0.893770522
,,
1.294089671,0.616048054,2.796888361
,,0.793943017
,,
0.93262857,0.683705482,1.849677085
,0.615093858,0.532122856
0.701094144,,2.436261165
,,
0.512029974,1.440963155,0.968948311
1.041857353,0.683398077,2.337464721
,0.429819315,2.083738724
,,
1.333266655,1.699926257,2.506755933
0.465179446,,0.904735421
0.727076581,0.679809035,2.168194639
,,2.393395039
,1.571483766,0.986435762
1.384811957,0.635293268,2.327461489
,,3.621586153
,1.402852289,1.477820865
0.507476328,0.766160035,2.284514974
,,
0.667403693,0.963579099,1.091644042
,,1.806198844
,,3.402737906
1.142714637,0.47476679,1.9205593
,,1.397046082
0.617580236,0.674913382,2.177335341
,,
1.92798264,,1.674684714
1.378003646,,1.355266272
,,0.706300712
0.867906573,0.470144298,3.080797307
,,1.032096092
,,
,,
1.317026556,,0.78954097
1.483947133,1.580624017,2.833251585
0.65184819,0.396853145,0.675991702
1.13119095,,1.495094567
,0.936560083,0.726208465
,1.372725,0.721239762
,,
,1.710201057,1.652176118
0.796987884,0.316692548,2.675939592
,,
,,
,,
,0.290519922,0.757032892
0.728268041,,1.946050542
0.575222959,0.531923804,1.434738681
0.883311459,0.529777078,2.252314443
,0.482146937,1.373379508
,,2.362529982
,,
0.857635809,0.545880677,1.77504043
,2.079421653,0.861119738
,,
,,0.686328279
,,1.064712884
0.452964752,0.415752813,2.709512202
1.011484689,0.496536397,0.769141725
0.31541893,0.301063576,0.645056071
,0.434889997,1.00532513
0.394288973,0.533143708,0.979807368
0.860871522,1.829036219,0.590877971
,0.47792308,1.707856943
,,
,0.70407063,1.123437858
,,
,,
0.723166747,,2.822246211
,,1.235734434
0.727278986,,0.988268384
0.884338124,0.421736873,1.438395621
0.684178945,,1.286730192
,,
,,0.657681507
0.482867427,,0.520235611
0.657014017,,3.377973097
,0.844474751,1.022301712
0.873457202,0.49833808,0.553048659
,,
,0.38543074,1.600023137
0.671801789,,1.337477371
,,
0.861895437,0.587667556,2.117954438
1.975672762,1.660303455,2.571268318
0.577973228,0.744133721,2.152385808
0.590074917,0.573182424,1.620270993
,,
0.724125528,0.780146107,1.782034079
0.877430701,,1.712622297
,,
,,2.088765321
,,0.810857223
,,
0.708975239,,1.035849658
,,0.663844902
,,
1.509221458,2.339506283,1.697314951
0.462786741,0.41639464,0.787097274
1.270129218,1.586994632,1.421528579
,,
,,2.393026478
,,2.080640116
0.389299038,1.549128251,0.702562121
,,0.404439314
,0.818228516,1.061498624
1.331529516,1.508158196,3.260091576
0.643699335,0.574210794,1.845928953
0.890752157,,1.007088861
,,0.690147803
,1.10323739,1.743516011
,,
,,
,,
,,
,,
,,
,,
,,
,,
,,
,,
,,
,,
,,
,,
,,
,,
,,
,,
,,
,,
,,
,,
,,
,,
,,
,,
,,
,,
,,
,,
,,
,,
,,
,,
,,
,,
,,
,,
,,
,,
,,
,,
,,
,,
,,
,,
,,
,,
,,0.592617866
,,0.932975113
0.572213861,0.502939471,
0.946319631,,0.663834752
,1.07711265,1.27014787
,,1.409855639
0.468968274,0.385769422,0.877210588
,,
,0.933327768,1.019824814
,,
,,
0.499455444,,1.518985845
1.163342044,,1.206534714
0.715458705,0.600864373,0.819224707
0.583168728,0.6756583,1.45464733
0.644219689,0.814169809,1.18259167
,,1.155789302
0.968189864,,
0.599383262,,
,,
0.476843212,0.488209996,0.386770812
,,
,,
0.915693868,,0.853407557
,,
,,
0.746378746,,
0.580669697,,
3.023980815,0.899118674,0.791737393
0.477128465,0.451603383,1.475805947
1.01968517,0.530753597,0.837501334
1.062477578,2.019718571,
,0.627383382,0.766022564
0.821745014,,2.16788519
1.133320223,,
,,
0.751288044,,
,0.780091438,
,,
,,
,,
,,
0.743995384,0.598658813,
0.662674489,0.842076814,0.407878314
,,
,,
,0.557458822,2.141157196
0.64918157,,
,,
0.609220214,0.84528847,1.368686441
,,
,,
,,
,,
0.744330775,0.38979887,1.45853325
,,
,,2.278617736
,,
,,
0.408706442,,1.069574885
0.762421644,,
,,
,,
,,1.430170574
1.545611398,1.222503239,
0.848717928,,
,0.367585227,2.671978118
0.972865306,,
0.47509158,0.545204401,3.17318441
0.524231168,,0.691172653
0.676691349,0.406074891,
0.950157514,,
,,
,,
0.882323691,0.853860815,0.637268962
0.933668396,,0.625694585
0.829720239,,0.680646949
1.476546826,0.524584114,0.883347845
,,0.646259842
0.597744989,,
0.60209477,,1.341094203
0.598247492,,1.137169011
0.554304225,0.505677653,1.069596151
,,
,,
,0.591319723,0.548990957
1.050186428,,
,,
,,
0.544094745,0.798221082,
,,
0.950749182,1.120149034,1.097131108
0.779121447,,0.73314248
,,
,,
1.104455909,,
,,
0.602963847,,
,,
1.300005959,,
,,
0.580588243,0.456297834,0.78879711
0.522871602,1.121722152,1.480521914
1.317874472,,0.407815292
1.04230585,,
0.957546044,,1.791352925
,,
0.65997469,0.575526722,1.084119766
0.93033848,0.550887823,0.780173547
0.773592849,0.796550605,0.414181514
,,
,,
,,
,,
0.849945522,0.593723774,0.827931819
2.326136385,1.568661506,
,,
,,
0.737960537,,1.393197759
0.695669484,,0.418675335
0.682581681,,
0.558073716,0.497771246,2.266842512
1.085228206,,1.052730777
,,
0.823041867,0.429525328,
0.70412475,,1.430358417
1.631840432,0.446585733,
0.776812871,,0.953620137
0.76002043,0.387581753,0.457072757
0.787933458,,0.604558485
0.726641566,0.354080932,
,,
0.780806851,,1.375697997
,,
1.176528424,,0.544625289
1.155346142,,0.660715514
,,
2.434821272,,0.984006171
0.693770543,,0.934392525
0.665893504,,1.852489955
1.630020777,,0.830414555
0.653850979,0.624819348,1.052286966
,,
,,
0.92337551,0.548081096,
1.049177871,,
1.619454387,,
,,
0.815708876,,0.857659479
,,
0.694637658,,0.738983112
1.026489419,,
