0.256957158,0.91187517,0.358503507,,1,
1.108708984,0.87910125,0.423453003,1,1,
,,,,,
,,,,,
,,,,,
0.352598188,0.10995477,0.929369898,,,1
,,,,,
,,,,,
,,,,,
0.158266742,0.855444365,2.043763607,,1,1
,,,,,
,,,,,
,,,,,
,,,,,
,,,,,
,,,,,
0.788336294,1.566871705,0.765825259,1,1,1
,,,,,
0.610478711,0.811567141,1.336128658,1,1,1
0.750764939,0.671477656,1.427774257,1,1,1
,,,,,
,,,,,
,,,,,
,,,,,
0.823400131,0.42748105,1.792486246,1,1,1
,,,,,
,,,,,
,,,,,
,,,,,
,,,,,
0.185521023,0.616830436,1.125696931,,1,1
0.644977852,0.563178936,1.118426713,1,1,1
,,,,,
0.242783767,0.540949573,0.695327225,,1,1
,,,,,
,,,,,
,,,,,
0.593828019,0.58693273,0.886984126,1,1,1
0.323728733,0.250049424,0.998303812,1,,1
0.468240818,0.562710503,0.840952508,1,1,1
,,,,,
,,,,,
,,,,,
0.904619691,0.452914702,1.945860088,1,1,1
1.085409736,0.105816188,0.324952813,1,,
1.187990968,1.685650712,1.848061802,1,1,1
0.487164916,0.843609182,1.511630436,1,1,1
0.825408583,1.385016694,0.981456944,1,1,1
0.347999863,1.715501126,1.010532798,,1,1
,,,,,
,,,,,
0.725776065,0.653240811,0.805622547,1,1,1
,,,,,
,,,,,
1.543109408,0.724738841,1.157753134,1,1,1
0.600890199,0.497820003,1.096366217,1,1,1
1.146032434,1.163913057,1.255086503,1,1,1
0.887113321,1.051945591,1.726848657,1,1,1
,,,,,
,,,,,
,,,,,
,,,,,
0.557300117,0.404687859,1.319374906,1,,1
,,,,,
0.654016723,0.531043299,0.383088483,1,1,
,,,,,
,,,,,
,,,,,
0.268759639,0.41133318,1.242779969,,1,1
,,,,,
,,,,,
,,,,,
0.795664358,0.777658232,0.941096905,1,1,1
0.556693592,1.5684473,1.348086756,,1,1
,,,,,
0.440758876,0.864811061,1.133367441,,1,1
,,,,,
0.462383376,0.281525687,1.075179529,1,,1
0.537880807,0.178211939,0.661997758,1,,1
0.694639558,0.494416527,0.895193298,1,1,1
,,,,,
1.614474658,0.22631875,1.612812012,1,,1
,,,,,
0.663098853,0.553252695,1.207005823,1,,1
,,,,,
,,,,,
,,,,,
,,,,,
,,,,,
1.56222629,0.652036302,0.728787976,1,1,1
,,,,,
,,,,,
0.605347946,0.235721163,1.986311839,1,,1
1.030373644,0.485604481,1.580193898,1,1,1
1.696683803,0.480727016,2.501569967,1,1,1
,,,,,
0.69615751,0.30475416,1.877259115,1,,1
,,,,,
,,,,,
0.489213902,2.036133944,1.962323053,,1,1
0.878490306,0.293284007,1.6290164,1,,1
1.013664781,0.764631835,2.244926307,1,1,1
0.461330849,0.487063258,1.743201766,1,1,1
0.942278784,0.581779804,1.599430749,1,1,1
,,,,,
,,,,,
0.826462517,0.731730064,2.30834919,1,1,1
,,,,,
0.706511819,0.978034253,1.539372626,1,1,1
,,,,,
0.553656555,0.636465479,1.686810521,,1,1
0.74646098,0.333964156,2.680702314,1,,1
0.290595973,0.975353449,1.492541859,,1,1
,,,,,
,,,,,
,,,,,
,,,,,
,,,,,
,,,,,
,,,,,
0.985920374,1.473623734,2.612642179,1,1,1
0.880798115,0.45741377,1.674225415,1,1,1
,,,,,
,,,,,
0.626985018,0.527225006,1.504255926,1,,1
0.218684193,1.788861137,2.23707672,,1,1
0.364887734,0.699549086,1.192994819,,1,1
0.315084221,0.447014442,0.94626458,,,1
,,,,,
0.279532601,0.755092266,1.358752557,,1,1
1.007530537,0.834177404,1.920602641,1,1,1
0.42878198,1.314966292,0.518014089,,1,
2.195552679,1.260746776,0.649514816,1,1,1
,,,,,
,,,,,
,,,,,
0.890329515,0.353250881,0.567531274,1,,1
0.208967827,1.304612435,1.315591466,,1,1
1.657458292,0.630828716,1.785355205,1,1,1
,,,,,
1.361871842,1.278070853,1.301051265,1,1,1
1.423130218,0.348000223,0.980281486,1,,1
0.481018656,0.280272137,0.8853861,1,,1
0.46023574,0.394190504,1.548051403,1,1,1
1.297144217,0.236725763,0.977709306,1,,1
0.662863589,0.444506711,0.63835246,1,,1
0.581325488,1.002668754,0.391599604,1,1,
1.269096683,0.414911019,2.864328725,1,1,1
,,,,,
,,,,,
,,,,,
,,,,,
1.507856558,0.628387857,2.565250818,1,1,1
,,,,,
0.511830832,0.858743442,1.109681519,,1,1
0.855703903,0.329254262,1.100797661,1,1,1
,,,,,
0.716731179,0.94265265,2.281047431,1,1,1
0.626847216,0.207056845,1.061540752,1,,1
1.107546718,0.388077822,2.799894428,1,,1
0.413919396,1.030556402,0.743631557,,1,1
,,,,,
,,,,,
0.305770121,0.890122863,0.798002902,,1,1
0.457885706,0.126110128,3.025372635,,,1
0.290518988,0.605307497,0.69468815,,1,1
1.412078987,1.261585657,2.565314561,1,1,1
1.057828206,0.633754526,1.508531901,1,1,1
1.04717762,0.771252929,1.993548448,1,1,1
,,,,,
1.485227666,3.833405531,1.459586179,1,1,1
0.740689276,0.337636316,1.179523892,1,1,1
1.940774807,0.675248243,0.742827691,1,1,1
0.768686945,0.40716367,1.240684401,1,1,1
,,,,,
0.243896127,0.746619605,1.334100405,,1,1
0.46531777,0.702430921,0.796394376,,1,1
0.606431534,0.412569719,1.523878996,1,1,1
0.690849637,0.354776888,1.617983541,1,,1
,,,,,
0.304712875,0.465685947,1.882602012,,1,1
0.398995461,0.377719792,0.834360078,1,1,1
0.540615591,0.767057525,1.025750139,1,1,1
0.940215221,0.504776186,0.826216456,1,1,1
0.666653309,0.63512306,2.502130756,1,1,1
,,,,,
1.726526553,0.525265569,1.239158078,1,1,1
1.444674518,0.548188949,1.018444855,1,1,1
0.6153644,0.992791281,1.162521213,1,1,1
0.832773772,0.536182466,1.162533406,1,1,1
1.186256708,0.440934686,0.608098813,1,,1
0.565549948,0.461519926,1.659261224,1,,1
2.119516418,0.378476959,0.978067429,1,1,1
0.31787218,0.263790575,0.524820184,,,1
0.535852679,0.420827273,1.737559479,1,1,1
0.734439359,0.384717372,3.224366106,1,,1
,,,,,
,,,,,
0.384087622,0.457611307,1.124238737,,,1
0.541037187,0.382852853,0.712416768,1,,1
0.845690457,0.443579293,0.739054399,1,1,1
0.434727264,0.41476014,0.46451352,,,1
0.638857546,0.500417781,0.596001093,1,1,1
0.501465354,0.313754501,2.318013228,1,,1
0.746567163,0.572216243,1.954206046,1,,1
,,,,,
0.585947273,0.291458842,1.635958729,1,,1
0.666862589,1.369685126,2.87865169,1,1,1
0.78772731,0.408054308,0.983075008,1,1,1
0.620042042,1.355655199,0.947321641,1,1,1
1.371676513,0.302500548,1.103477216,1,,1
,,,,,
2.256238726,0.534876717,0.775330985,1,,1
0.851574326,0.215516465,0.611025388,1,,1
,,,,,
0.599695345,0.388379197,0.803205201,,,1
0.411070418,0.235799646,0.527516359,,,1
0.306182083,0.445869404,0.849500313,,1,1
0.291062315,0.259763913,0.597897795,,,1
,,,,,
0.786076615,0.51990947,0.510266371,1,1,1
0.978781047,0.272458672,1.124789161,1,,1
0.896300858,0.641958927,2.902138048,1,1,1
0.713000388,0.240389717,0.656088007,1,,1
0.374342289,0.308095739,3.764988096,,,1
0.69678762,0.446991789,0.64938552,1,,1
0.319994359,0.417239478,0.600120038,,,1
0.957026788,0.642018664,0.636596297,1,1,1
,,,,,
0.233630714,0.35205985,0.401110998,,,
0.865386727,0.328139864,1.360250731,1,,1
0.716807133,0.388551585,0.631965829,1,1,1
0.883186407,1.027519225,1.66599885,1,1,1
0.815582435,0.469741682,1.455312437,1,,1
0.242767173,0.299582472,0.330931053,,,
0.64047252,0.465912473,1.016057515,1,1,1
1.030583183,1.127809974,0.863531088,1,1,1
0.306213863,0.219330148,1.064375948,,,1
0.580239576,0.117422926,0.245872036,1,,
0.401216794,0.4743251,1.19929544,,,1
0.505973383,0.307918811,0.340806406,1,,
0.614127908,0.372186876,0.438009491,1,,1
,,,,,
,,,,,
,,,,,
,,,,,
0.259760467,0.143143203,1.174206956,,,1
0.082715041,0.294410786,1.51039633,,,1
,,,,,
,,,,,
,,,,,
0.007950929,0.054531165,1.221817852,,,1
0.365196531,0.605395777,2.192147469,,,1
,,,,,
,,,,,
0.21681632,0.04964848,1.713247789,,,1
,,,,,
0.19742953,0.170470666,1.098653472,,,1
,,,,,
0.701484246,0.402132161,0.678785811,1,,1
,,,,,
0.452087857,0.142666532,1.82504393,1,,1
0.24826353,0.169692399,2.080703139,,,1
0.332117178,0.232068116,1.096163315,,,1
0.191694887,0.193440365,2.67739214,,,1
,,,,,
1.095934274,0.77398289,1.106363744,1,1,1
0.069011431,0.077895021,1.697744552,,,1
0.063724276,0.006224666,0.93429115,,,1
0.204611454,-0.001546058,1.58737949,,,1
0.067381888,0.100049545,1.073869967,,,1
0.095238428,-0.004351475,1.13332598,,,1
0.043780626,0.130378441,0.97990893,,,1
-0.01716678,0.11620708,1.030305184,,,1
0.213440976,0.034131377,1.993983652,,,1
,,,,,
0.212612322,0.587688628,2.054395358,,1,1
0.23272481,0.226843519,2.264592657,,,1
,,,,,
-0.008602315,-0.001869893,1.701936051,,,1
,,,,,
0.206233915,0.728974258,1.204734758,,1,1
,,,,,
,,,,,
0.285438215,0.245539734,1.143615209,,,1
0.053057448,0.24805106,1.212304416,,,1
,,,,,
0.041890663,0.401328676,1.080362169,,,1
,,,,,
-0.087043929,0.011014809,0.73975562,,,
,,,,,
,,,,,
,,,,,
,,,,,
,,,,,
,,,,,
0.746061919,0.180306263,2.065025777,1,,1
0.3153721,0.162317673,0.838489042,,,1
,,,,,
-0.05067789,0.133714679,1.310645312,,,1
,,,,,
0.200964409,0.007016031,1.51759382,,,1
,,,,,
,,,,,
,,,,,
1.273008295,0.187849794,2.176486929,1,,1
,,,,,
0.242355908,0.238356396,1.011721047,,,1
0.600117828,0.025370604,2.26462276,1,,1
0.382512337,0.133803376,0.969554816,,,1
0.06993579,0.008509177,1.832540932,,,1
,,,,,
0.055291948,0.112293899,0.879569082,,,1
,,,,,
,,,,,
0.044032481,0.016595994,0.666402993,,,1
,,,,,
,,,,,
0.182862039,0.272420274,0.724539816,,,1
0.045187346,0.136531147,0.991096447,,,1
0.119266673,0.234977236,1.183360747,,,1
0.292026165,0.52393501,1.884171122,,,1
0.172502691,0.564188232,1.606809106,,,1
,,,,,
0.148915416,0.626451988,1.80147558,,1,1
,,,,,
0.235190112,0.073833015,2.669227443,,,1
,,,,,
,,,,,
0.040076209,-0.099612545,1.736329432,,,1
,,,,,
,,,,,
0.204234596,0.278380222,1.844073687,,,1
0.302220887,0.157782929,1.277583944,,,1
-0.05705997,0.031833568,0.970925546,,,1
0.1349812,0.147720411,0.963066176,,,1
,,,,,
0.13508755,0.043304756,1.071726699,,,1
0.218827717,0.12317948,1.108739278,,,1
0.115799127,-0.13031965,1.722640872,,,1
0.28140338,-0.603731149,1.722252157,,,1
0.496059278,0.118703773,1.565271044,,,1
0.203176435,-0.421176474,1.697222534,,,1
,,,,,
,,,,,
-0.053837244,0.052389746,0.765103075,,,1
0.105813895,0.145566644,0.980623996,,,1
0.048820805,0.174602059,1.185251962,,,1
-0.032646757,0.061407826,1.393768947,,,1
0.17141026,0.013696451,1.326124255,,,1
0.19834729,0.040181598,1.202270789,,,1
0.382109112,0.761200372,1.880679448,,1,1
-0.046130532,0.185957556,3.240150065,,,1
0.158614114,0.249710541,1.995359501,,,1
-0.025406594,0.032821931,1.142146096,,,1
,,,,,
0.214455877,0.128876582,0.918886642,,,1
,,,,,
0.24870582,0.237455244,0.881923902,,,1
0.178850494,0.179281008,1.533389526,,,1
,,,,,
0.422183705,0.211174568,2.217861635,,,1
0.210272347,0.170773677,2.108712495,,,1
0.053986806,-0.122713726,0.994253065,,,1
,,,,,
,,,,,
,,,,,
,,,,,
0.284486232,-0.050961662,0.719221644,,,1
,,,,,
0.323554674,-0.070965211,1.312742219,,,1
-0.099964081,-0.009679531,1.583193787,,,1
0.275126533,-0.098043176,3.027841922,,,1
0.356966938,-0.002411764,1.724788288,,,1
,,,,,
0.179323768,0.389012765,1.722835511,,,1
,,,,,
0.292601476,0.336663913,1.665704095,,,1
0.304608422,0.210494928,1.593954039,,,1
0.318643625,0.246861096,2.969857652,,,1
,,,,,
,,,,,
,,,,,
0.271169121,0.272695517,2.388912921,,,1
0.422975833,0.606931581,1.811296955,,,1
,,,,,
0.353003647,0.352567725,1.672568925,,,1
0.9799621,0.35225141,2.420629404,1,,1
0.246194379,0.173709894,1.475230961,,,1
0.895825255,0.557504482,1.882188272,1,1,1
0.471824802,0.11740896,1.982463245,,,1
,,,,,
0.439981121,0.14819696,0.987202409,,,1
,,,,,
,,,,,
0.166686537,0.484353422,1.64932747,,1,1
0.353591402,0.337924345,0.725340523,,,1
0.607270378,0.476234822,2.333054337,1,,1
0.507742281,0.062116057,1.358975645,1,,1
,,,,,
,,,,,
,,,,,
0.125398547,0.024659304,1.836874553,,,1
0.976247907,0.190184534,2.730879862,1,,1
,,,,,
,,,,,
0.201510893,0.315861695,2.743387001,,,1
0.441015642,0.358526471,1.63998647,1,,1
0.222375587,0.480534745,1.687378336,,1,1
0.246428571,0.481397516,1.211538106,,,1
0.451470517,0.840912434,1.342438362,,1,1
0.294741332,0.157517653,1.53807355,,,1
0.422614153,0.632353836,1.649421023,,,1
,,,,,
0.173476402,0.529373207,2.291778076,,1,1
,,,,,
,,,,,
0.38765165,0.214520124,1.61940488,,,1
0.462043326,0.052894906,0.930052986,,,1
0.194245286,0.4210066,1.364563431,,1,1
,,,,,
0.528055488,0.351278445,1.886224508,,,1
0.110249479,0.269205805,1.993227037,,,1
0.121462705,0.248122463,0.930489378,,,1
0.203147993,0.255008416,1.363774697,,,1
,,,,,
0.340805341,0.283584362,0.801506272,,,1
0.582368962,0.556559385,1.746097605,,,1
0.078327572,0.363932702,2.298630593,,1,1
0.276459663,0.337083278,1.703383388,,,1
0.31724675,0.715868599,2.054445064,,,1
,,,,,
,,,,,
0.092977197,0.265697228,1.888467504,,,1
0.050221026,0.415323504,2.538036143,,,1
0.194705772,0.440550811,2.066716289,,,1
,,,,,
0.181927734,0.369591921,2.021276182,,1,1
0.151872982,0.12513201,1.974081334,,,1
0.092318463,0.387333084,1.422395257,,,1
,,,,,
0.373613595,0.493342193,1.618247642,,,1
0.740257526,0.900689165,0.571677532,,1,
0.385925706,0.400629712,0.495654186,,,
0.134753948,0.107466827,1.713954774,,,1
0.398197338,0.391629422,1.812203214,,,1
0.326351661,0.385421349,1.805735631,,,1
,,,,,
0.344428138,0.157602958,1.61284299,,,1
0.530929986,0.205455887,1.805802151,,,1
0.205743558,0.249460348,1.634539051,,,1
0.252869773,0.179509842,2.365031718,,,1
0.292108646,0.517565115,1.534222421,,1,1
0.030547247,1.050633546,2.551313296,,1,1
0.391030812,0.282508939,1.497701416,,,1
0.429299977,0.490175141,1.908833854,,,1
,,,,,
0.040340818,0.658280819,3.204392846,,1,1
0.182833192,0.297136283,1.596526486,,,1
0.128472766,0.702490039,3.690124577,,1,1
,,,,,
,,,,,
,,,,,
0.20819156,0.648043435,2.849732129,,1,1
0.480778565,0.383909421,1.465617244,1,,1
0.267840297,0.713319083,1.935103028,,1,1
0.386582303,0.588180976,1.733614783,,1,1
0.32878662,0.328697651,1.794679102,,,1
0.308147981,0.497930989,3.323708873,,,1
0.249339584,0.144291308,3.494696769,,,1
0.39499541,0.883843916,1.800858968,,1,1
,,,,,
0.290046419,0.554217277,2.200751125,,1,1
,,,,,
,,,,,
0.102374909,0.539347797,1.838445396,,,1
0.234370027,0.183848748,2.515306588,,,1
0.299824613,0.215104842,1.780005088,,,1
0.265841078,0.747649085,1.393766652,,1,1
0.274561467,0.43010052,1.295820162,,,1
0.406346173,0.082085972,2.368138547,,,1
0.324614856,0.618810692,1.879984649,,,1
1.582453551,0.340635471,2.602771206,1,,1
0.206881116,0.804756969,2.356402727,,1,1
0.250825152,0.704114072,1.255976758,,,1
0.442565408,0.457690325,5.099626897,,,1
,,,,,
,,,,,
0.134311781,0.493216959,3.160483914,,1,1
0.379789224,0.517123206,2.063650404,,,1
0.195559096,0.378779188,2.814694779,,,1
0.285058335,0.424604857,1.982509863,,,1
,,,,,
0.323282518,0.527145107,1.533091737,,1,1
,,,,,
,,,,,
,,,,,
,,,,,
,,,,,
0.533970357,0.743396129,1.436642643,,1,1
0.421999797,1.074893072,1.504173093,,1,1
,,,,,
0.473215979,0.192952615,2.336742237,1,,1
0.534945134,0.668526539,2.605825161,,1,1
,,,,,
0.342679562,0.312636932,1.743845113,,,1
0.461543513,0.461597682,1.886477553,1,1,1
0.151983495,0.312597454,2.363585267,,,1
0.760599548,0.304863775,2.188872466,1,,1
,,,,,
0.543007862,1.636274889,2.674155539,,1,1
0.457792504,0.293482017,3.747139663,,,1
,,,,,
0.199506981,0.358039758,2.436641426,,,1
0.157748079,0.139439685,2.416686729,,,1
0.264880314,0.488638957,2.467694345,,,1
0.39911756,0.322172417,1.992869555,1,,1
0.168821287,0.209914191,1.939882799,,,1
3.463752954,0.057197482,5.059601192,1,,1
0.22121139,0.148760859,2.220347691,,,1
0.209535002,0.713806072,2.503112955,,1,1
0.073290684,0.133113651,1.950152609,,,1
,,,,,
0.226257737,0.885590188,3.559631212,,1,1
,,,,,
0.24829363,0.259246633,1.600940877,,,1
0.089043384,0.540277227,2.288668253,,1,1
0.160479918,0.479629195,2.997074227,,1,1
0.176660769,0.050522424,1.531126631,,,1
0.434319377,1.826527039,2.928758749,,1,1
,,,,,
0.193407286,0.340896787,2.156391736,,,1
0.197640336,0.787953934,1.821810526,,1,1
0.369373779,0.623072302,1.604842048,,,1
,,,,,
0.139846062,1.012335592,2.095164324,,1,1
,,,,,
0.230757281,0.554844011,2.551805115,,1,1
0.223757963,0.318808792,2.7225108,,,1
,,,,,
,,,,,
,,,,,
,,,,,
0.243143304,0.066893487,2.869203976,,,1
0.176825035,0.45807302,3.369610099,,1,1
,,,,,
0.243197523,0.272443169,2.354526315,,,1
,,,,,
0.258998281,0.43088327,2.267498046,,,1
0.18976878,0.459115164,5.790111414,,1,1
0.216272102,0.19865097,2.689225105,,,1
0.356128581,0.171635691,1.358910847,,,1
,,,,,
,,,,,
0.112026359,0.045636762,1.506623792,,,1
0.546869544,2.157686737,4.83226098,,1,1
0.543074763,0.545245367,3.246144324,1,1,1
0.155779205,0.253660919,2.328031763,,,1
,,,,,
0.262653358,0.316496466,1.432246623,,,1
,,,,,
0.280715632,0.204315658,2.342938236,,,1
0.086841871,0.047064426,4.278944732,,,1
,,,,,
,,,,,
,,,,,
,,,,,
0.31922445,0.217576989,2.688740301,,,1
,,,,,
0.426077856,-0.083847107,2.481904188,1,,1
0.123214654,0.667676984,1.989357025,,1,1
,,,,,
,,,,,
,,,,,
,,,,,
,,,,,
0.093309019,0.5452717,3.841149865,,1,1
-0.021115229,0.187664273,2.275858867,,,1
,,,,,
0.535628328,0.774498585,1.505935884,,1,1
0.027052597,1.274849134,3.098033787,,1,1
0.536371939,0.718282649,2.477457207,,1,1
,,,,,
0.339622463,0.758424692,2.546463716,,1,1
,,,,,
0.175560314,0.195438136,2.248082172,,,1
,,,,,
,,,,,
,,,,,
,,,,,
0.299837157,0.543219562,1.649850174,,1,1
0.47886051,0.273375329,1.722508479,,,1
0.289832192,0.449918503,2.989245065,,1,1
,,,,,
,,,,,
,,,,,
0.097927761,0.29752652,0.089197457,,,
,,,,,
,,,,,
,,,,,
0.243869922,0.20383382,1.719705196,,,1
0.417541537,0.313351643,0.751996702,1,,1
,,,,,
,,,,,
0.029548469,0.054112615,2.193824886,,,1
,,,,,
,,,,,
0.709537126,0.353901404,1.543691468,,,1
,,,,,
0.274184586,1.017524321,2.152427087,,1,1
0.010852369,0.117021022,2.432794066,,,1
0.064873245,0.313147579,2.570053276,,1,1
0.132973692,0.269740264,0.540019296,,,1
,,,,,
,,,,,
0.742468646,0.735680326,0.922135438,1,1,1
0.327561901,0.349948223,2.345610569,,,1
,,,,,
0.252998958,0.605236523,1.663269092,,1,1
,,,,,
0.158750509,0.308196227,1.421683607,,,1
,,,,,
0.442871311,0.159663098,3.021982763,1,,1
0.543894117,0.628792393,1.354246467,,,1
,,,,,
,,,,,
,,,,,
,,,,,
0.13409195,0.29873832,0.946778382,,1,1
,,,,,
,,,,,
0.253268593,0.283704272,1.362684045,,,1
,,,,,
,,,,,
0.335198063,0.546437962,2.321165205,,,1
0.55013256,0.472007319,2.051735777,,,1
0.206338806,0.353529268,1.565281735,,,1
,,,,,
0.802780533,0.305112099,1.461283255,1,,1
,,,,,
,,,,,
0.247048514,0.153568583,1.963582909,,,1
,,,,,
,,,,,
,,,,,
,,,,,
0.016875061,0.083131065,1.889440516,,,1
0.24405839,0.27499824,1.652382923,,,1
0.110125935,0.327612882,1.842107,,,1
,,,,,
,,,,,
,,,,,
0.109295705,0.592273508,1.848277668,,1,1
,,,,,
,,,,,
,,,,,
-0.106081774,0.459868769,1.473380185,,,1
0.011516187,0.184002677,1.747437132,,,1
,,,,,
0.126163622,0.834929624,2.352476093,,1,1
0.005796613,2.12894898,2.827440116,,1,1
0.035465683,0.220729395,5.537364627,,,1
0.311426686,0.400835724,2.048701079,,,1
1.985994674,0.531592334,3.751434786,1,1,1
-0.021883427,0.162137505,2.355954323,,,1
0.158446115,0.224079908,1.702442199,,,1
0.185197554,0.196356073,1.544466023,,,1
,,,,,
,,,,,
,,,,,
0.27278554,0.570646472,2.256426053,,1,1
0.216000505,0.213301664,1.114160848,,,1
,,,,,
,,,,,
,,,,,
,,,,,
0.187326952,0.418591565,1.954959662,,,1
,,,,,
0.184658862,0.406015323,2.086541624,,,1
,,,,,
0.104789729,-0.230213601,2.594426687,,,1
,,,,,
,,,,,
,,,,,
0.432494328,0.649807412,2.127622017,,1,1
,,,,,
0.059423247,0.119106343,1.812213643,,,1
,,,,,
,,,,,
,,,,,
,,,,,
0.306308238,2.264345765,1.109041262,,1,1
,,,,,
0.114829798,0.310493953,2.254978464,,,1
0.244890858,0.66853971,1.616430881,,1,1
,,,,,
0.145482718,0.307045476,1.335624039,,,1
,,,,,
,,,,,
-0.0202658,0.40340826,1.053342761,,,1
0.126810073,0.302995502,2.639608878,,,1
0.289968424,0.423090884,1.158701615,,,1
,,,,,
,,,,,
0.029655013,0.275687572,1.361337235,,,1
,,,,,
,,,,,
-0.075483266,0.12578174,2.752676322,,,1
,,,,,
,,,,,
,,,,,
-0.167400385,0.008277656,1.737796808,,,1
,,,,,
,,,,,
,,,,,
,,,,,
,,,,,
0.085391339,0.02270044,1.254244773,,,1
,,,,,
,,,,,
,,,,,
,,,,,
0.109891746,0.131026927,1.235038302,,,1
,,,,,
,,,,,
,,,,,
0.153984221,0.402524788,2.216076863,,,1
,,,,,
,,,,,
,,,,,
,,,,,
,,,,,
0.148941813,0.170127578,1.058463207,,,1
,,,,,
,,,,,
,,,,,
,,,,,
,,,,,
,,,,,
,,,,,
,,,,,
,,,,,
-0.00837662,0.112214685,2.188314143,,,1
0.082183338,0.106210332,1.893498162,,,1
,,,,,
,,,,,
,,,,,
,,,,,
,,,,,
,,,,,
0.005904248,0.089186718,1.058093933,,,1
,,,,,
,,,,,
,,,,,
,,,,,
,,,,,
0.160333509,0.249809731,1.483392818,,,1
,,,,,
,,,,,
,,,,,
,,,,,
,,,,,
-0.023155194,0.263871112,2.447821734,,,1
,,,,,
,,,,,
0.007494927,0.612667625,1.734502654,,1,1
,,,,,
,,,,,
,,,,,
,,,,,
,,,,,
,,,,,
0.116043109,0.334108958,1.888518183,,1,1
0.143739355,0.019843462,2.036258533,,,1
-0.040048859,0.356447716,1.321604024,,,1
,,,,,
,,,,,
-0.04138005,0.153287533,0.476285332,,,
,,,,,
,,,,,
,,,,,
,,,,,
0.176359571,0.324724189,0.758307519,,,1
,,,,,
,,,,,
,,,,,
,,,,,
0.096074355,0.318249378,2.354524212,,,1
-0.05464222,0.338479252,0.754293882,,,1
,,,,,
,,,,,
0.362510926,0.33822305,1.731690673,,,1
,,,,,
,,,,,
,,,,,
,,,,,
0.116348538,0.121847304,0.598319756,,,1
,,,,,
,,,,,
,,,,,
,,,,,
,,,,,
,,,,,
,,,,,
,,,,,
,,,,,
,,,,,
,,,,,
,,,,,
,,,,,
0.018772283,0.153943474,0.359730112,,,1
,,,,,
0.004199468,0.022356431,0.720064344,,,1
,,,,,
,,,,,
,,,,,
,,,,,
,,,,,
,,,,,
,,,,,
,,,,,
,,,,,
0.114835745,0.773987382,2.086966328,,1,1
,,,,,
,,,,,
,,,,,
,,,,,
0.020270342,0.347388378,1.087139531,,,1
,,,,,
,,,,,
,,,,,
,,,,,
,,,,,
,,,,,
,,,,,
,,,,,
,,,,,
,,,,,
,,,,,
,,,,,
,,,,,
,,,,,
,,,,,
,,,,,
,,,,,
,,,,,
,,,,,
,,,,,
,,,,,
,,,,,
,,,,,
,,,,,
,,,,,
,,,,,
,,,,,
,,,,,
,,,,,
0.060261016,0.551081386,1.827311854,,1,1
,,,,,
,,,,,
,,,,,
,,,,,
,,,,,
,,,,,
,,,,,
,,,,,
,,,,,
,,,,,
,,,,,
,,,,,
,,,,,
,,,,,
,,,,,
,,,,,
,,,,,
,,,,,
,,,,,
,,,,,
,,,,,
,,,,,
,,,,,
,,,,,
,,,,,
,,,,,
,,,,,
,,,,,
,,,,,
,,,,,
,,,,,
,,,,,
,,,,,
,,,,,
,,,,,
,,,,,
,,,,,
,,,,,
,,,,,
,,,,,
,,,,,
,,,,,
,,,,,
,,,,,
,,,,,
,,,,,
,,,,,
,,,,,
,,,,,
,,,,,
,,,,,
,,,,,
,,,,,
,,,,,
,,,,,
,,,,,
,,,,,
,,,,,
,,,,,
,,,,,
,,,,,
,,,,,
,,,,,
,,,,,
,,,,,
,,,,,
,,,,,
,,,,,
,,,,,
,,,,,
,,,,,
-0.13999045,-0.061103664,1.285722675,,,1
0.110509862,0.129217802,0.496769506,,,1
0.279445167,0.151584293,2.93299004,,,1
0.445336519,0.036721413,2.891360514,1,,1
,,,,,
0.159402161,0.068747676,1.688641839,,,1
,,,,,
0.198118044,0.151826379,1.026051443,,,1
,,,,,
0.20206946,0.128678797,1.479164238,,,1
0.600751759,0.305460703,3.249054586,1,,1
0.298412108,0.250709383,1.729004495,,,1
0.372348519,0.104342627,2.934264768,1,,1
,,,,,
0.804515001,0.289991058,1.872682993,1,,1
0.489131093,0.204375013,0.889480116,1,,1
,,,,,
,,,,,
,,,,,
1.779413697,0.883279558,1.541967103,1,1,1
0.211005844,0.445436311,2.068831114,,1,1
0.16740141,0.115470196,0.595220535,,,1
0.268411331,0.215577884,1.729963815,,,1
0.240202823,0.215542721,0.92776641,,,1
0.483183098,0.323326652,1.452894205,1,,1
0.519517213,0.342306475,1.150199606,1,,1
0.460306224,0.411326405,1.507723421,1,1,1
0.334112529,0.30820531,0.306100702,,,
0.279390031,0.127120917,1.992290896,,,1
0.687734561,0.206608922,2.217834367,1,,1
,,,,,
,,,,,
0.23650369,0.088841327,3.293728377,,,1
0.409374101,0.110460416,1.375663069,1,,1
0.417745424,0.072083667,1.605330119,1,,1
,,,,,
0.371551216,0.441696194,1.005478709,1,1,1
0.397877896,0.167894328,1.396113154,1,,1
0.420496821,0.117344852,1.530411723,1,,1
,,,,,
0.649508433,0.094745896,1.027700498,1,,1
0.611810846,0.332483183,2.557423071,1,,1
0.462112369,0.121942511,1.357799674,1,,1
0.004890228,0.057788295,0.747133099,,,1
0.11747089,0.113256,1.21455857,,,1
0.392315318,0.192413181,2.113966731,,,1
0.320733862,0.420974335,0.731225441,,1,1
0.189235263,0.039375478,2.152946008,,,1
0.499233681,0.172130546,2.846021017,1,,1
0.190814568,0.234372055,0.638590533,,,1
0.968241317,0.222933085,1.102734247,1,,1
0.37678787,0.132328457,1.731995331,1,,1
0.326121184,0.176627839,1.194313021,,,1
0.433472759,0.124718713,1.378193951,,,1
,,,,,
0.19543392,0.382946838,1.533019009,,1,1
0.963281485,0.518170444,0.652681879,1,1,1
0.28758608,0.074552879,1.283018125,1,,1
0.422010958,0.178679435,0.943651664,1,,1
0.174398826,-0.027000097,2.195195297,,,1
,,,,,
0.237485854,0.212673846,2.591174522,,,1
0.114505674,0.168673063,2.019048749,,,1
,,,,,
0.377811442,-0.010949865,2.399491137,,,1
0.148087799,0.202947687,0.343306259,,,
0.598786336,0.727107701,1.65562763,1,1,1
0.475942298,0.331118876,0.837326163,1,,1
0.078502616,0.073168658,1.219161186,,,1
0.105273735,-0.050590085,2.056726142,,,1
0.542222948,0.193670029,1.102418065,1,,1
0.593706888,0.465697495,0.763441297,1,1,1
0.162832411,0.113232152,1.658903522,,,1
0.262534832,0.048259147,1.481237642,,,1
,,,,,
0.32350222,0.057703165,0.765144267,1,,1
0.467195314,0.213903637,0.889364453,1,,1
,,,,,
,,,,,
0.376026963,0.161087037,1.889571743,1,,1
0.64914816,0.407716827,0.950247421,1,,1
,,,,,
0.141127733,0.134142199,1.356123342,,,1
0.370173409,0.439915656,0.944957795,,1,1
0.098872809,0.046484166,1.436817373,,,1
0.082384072,0.04884936,1.422743806,,,1
0.178494685,0.282991848,2.062808991,,1,1
0.261392592,0.020439748,1.776774856,,,1
0.093088749,0.203291706,1.106822364,,,1
0.414610848,0.052213983,2.064867914,,,1
0.150072444,0.02519191,1.010567398,,,1
0.24684448,0.12105455,0.746502051,,,1
0.280547714,0.152369851,1.104998499,,,1
0.258128735,0.074831019,1.341931967,1,,1
,,,,,
0.370794941,0.157354454,1.944044596,1,,1
0.300655431,0.100292402,1.17616816,,,1
,,,,,
0.334090364,0.14231665,1.659119791,1,,1
0.286597878,0.043365526,1.244482724,,,1
0.240083707,0.198048757,0.636016641,,,1
,,,,,
1.98715081,0.495266526,2.012812676,1,1,1
0.197243572,0.430326134,1.860703356,,1,1
0.086208211,0.040077586,2.431773114,,,1
,,,,,
0.595098324,0.235523246,2.250073177,1,,1
0.114316479,0.051188705,1.281975757,,,1
0.175783788,0.121756568,1.796121706,,,1
0.572806675,0.133637406,2.089511112,1,,1
0.927983415,0.243719151,1.785652898,1,,1
0.103179058,0.025136412,0.922447954,,,1
0.703232006,0.388303728,1.977397159,1,,1
,,,,,
,,,,,
,,,,,
,,,,,
0.607879437,0.352109918,0.74131976,1,,1
,,,,,
0.036016296,0.154508253,1.518614495,,,1
,,,,,
0.430947393,0.273614308,0.719566151,1,,1
0.557167607,0.044218303,1.24068666,1,,1
,,,,,
0.319773166,0.140506113,1.633453432,1,,1
0.342708981,0.177775503,1.552112634,1,,1
0.511041998,0.423320004,1.429393593,1,1,1
0.349502022,0.168487521,1.163626411,,,1
0.520520507,0.423600913,1.967668263,1,,1
0.155847127,0.290689829,1.127736085,,,1
0.26265594,0.016036023,1.824980928,1,,1
0.426651648,0.553413274,1.095876165,1,1,1
0.265889325,0.024911936,1.541675081,,,1
0.110850058,0.078304021,1.132800284,,,1
,,,,,
0.333116442,0.14257229,1.038331066,1,,1
0.913599285,0.240063603,1.920125322,1,,1
,,,,,
0.273267512,0.163582931,1.930065963,,,1
0.30830052,0.093918739,0.529844029,,,1
0.331799094,0.138601816,0.579706632,,,1
0.269609485,0.089537463,0.849364711,,,1
0.257548703,0.051230788,0.945823891,,,1
0.844590991,0.260568448,0.97471492,1,,1
0.288489341,0.16074114,0.558728359,,,1
0.206659727,0.026747607,1.393263497,,,1
0.269229981,0.107661439,1.346949082,1,,1
0.425450375,0.137965185,1.291636887,1,,1
0.26196485,0.169758139,1.574386716,,,1
,,,,,
0.719665921,0.18327962,1.846162369,1,,1
,,,,,
0.44092658,0.199691725,2.50992347,1,,1
0.506099742,0.434673399,1.039784387,1,1,1
0.586355873,0.277372325,1.286620362,1,1,1
0.329169488,0.332690216,1.46210617,1,1,1
0.435608711,0.125343241,1.289670812,1,,1
,,,,,
0.294086401,0.188289135,1.296201934,1,,1
0.331519139,0.192696637,1.498153168,1,,1
0.678419074,0.317590932,2.262606626,1,,1
0.31914198,0.075560163,1.669603911,1,,1
0.481724719,0.388050937,1.308976861,1,,1
0.356752855,0.23356571,1.071612085,,,1
0.131322875,0.015060085,1.892566741,,,1
0.305040229,0.015580251,1.329543048,1,,1
,,,,,
,,,,,
0.401235149,0.341406749,1.155777002,1,1,1
0.102175162,-0.005524571,1.795582877,,,1
0.134063531,0.242330041,0.946222443,,1,1
0.575113386,0.14242865,1.528547235,1,,1
0.155785935,0.194802567,1.253422874,,,1
0.006893459,0.038178661,1.498245352,,,1
0.571603827,0.115950162,2.371777463,1,,1
0.071646231,-0.041245998,1.961911204,,,1
0.431081361,0.316946176,0.959948123,1,1,1
0.109285829,0.051228773,1.521891474,,,1
0.477953661,0.238286341,1.832561003,,,1
0.32559179,0.019588044,1.26433975,1,,1
0.37394608,0.103114503,1.528834461,1,,1
0.097311281,0.378265492,1.213001201,,,1
1.166221584,0.256645049,1.137772796,1,,1
0.427938358,0.202883509,1.370139942,1,,1
0.558833764,-0.010739039,5.40411247,,,1
0.383749634,0.365701027,1.303375984,1,1,1
0.199940566,-0.059807299,1.206653735,,,1
-0.053016566,0.034457352,0.962607837,,,1
0.335404715,0.213368776,0.761376207,1,,1
0.163423808,0.079120379,1.632173444,,,1
0.226139325,0.086350055,0.530718629,,,1
0.185830503,0.248035235,1.300131439,,,1
0.235245404,0.255973117,0.719782544,,,1
,,,,,
0.617868202,0.485677076,1.052508883,1,1,1
0.882066849,0.117541323,1.658257385,1,,1
0.672079275,0.216299267,1.72178513,1,,1
0.052129887,0.133862178,1.390047811,,,1
0.806022719,0.407277397,0.899646686,1,1,1
0.896925717,0.568152673,0.831183474,1,1,1
0.469858639,0.105228543,0.998875151,1,,1
0.657597086,0.018051713,0.533682651,1,,1
0.435721877,0.043446391,1.072692271,1,,1
0.182241362,0.506449298,1.016827402,,1,1
0.311621932,0.181806418,0.787988581,1,,1
0.448753977,0.233764966,2.011980041,1,,1
0.914623021,0.088999036,0.570705098,1,,1
0.291260291,0.503983046,1.208570877,1,1,1
0.420249483,0.264095304,1.38967405,,,1
-0.071938475,-0.040900263,1.743225061,,,1
0.328939687,0.212696795,1.094628168,1,,1
0.196004978,0.017001467,1.84698784,,,1
0.391898588,0.097194263,0.865532196,1,,1
0.094445472,0.122836613,1.287081368,,,1
0.568554927,0.286381917,1.388116631,1,,1
0.343356197,0.088694724,1.626233964,,,1
0.118451392,0.107192351,1.367926543,,,1
,,,,,
0.314531516,0.175591933,1.097034074,1,,1
0.36486286,0.332191314,1.290179961,1,1,1
0.608730732,0.186758508,0.900023159,1,,1
0.419922657,0.266034261,1.644281236,1,,1
,,,,,
0.400686788,0.069081032,2.180010273,1,,1
0.157477777,0.270156084,1.588060576,,,1
0.600977994,0.234400325,1.774441576,1,1,1
0.64671562,0.378587509,1.755532616,1,1,1
0.424276622,0.29656155,1.531375614,1,1,1
,,,,,
0.574802648,0.309225125,1.674545675,1,1,1
0.048296134,0.001586574,1.485977893,,,1
0.263951342,0.283954708,1.029819662,,,1
0.738112205,0.726192001,0.714759771,1,1,1
0.669034444,0.363529613,0.895366453,1,,1
0.40526748,0.003852076,2.105219241,1,,1
0.44096382,0.082317287,2.204094179,1,,1
,,,,,
0.391981001,0.114515236,1.136741057,1,,1
0.326889559,0.080101028,0.96558326,1,,1
0.570236161,0.297919834,1.593003954,1,1,1
,,,,,
0.456943311,0.520178546,1.059884457,1,1,1
0.267076108,0.112978585,1.172016256,,,1
0.407809055,0.132676599,1.340448272,1,,1
0.387950424,0.109492354,1.069149939,1,,1
0.222558502,0.161420754,0.933285946,,,1
0.142804287,0.312984715,1.007471584,,1,1
,,,,,
0.939836824,0.229078978,0.872509804,1,,1
0.439558481,0.076731569,1.718453503,,,1
,,,,,
0.39608631,0.376568814,1.173834964,,,1
0.445402649,0.133601363,1.24546028,1,,1
0.146305796,0.051641686,1.435713696,,,1
,,,,,
0.390097475,0.151059616,2.611828154,,,1
,,,,,
,,,,,
,,,,,
,,,,,
0.343244134,0.05521741,1.113388038,,,1
,,,,,
0.519260271,0.320767683,1.318163802,1,,1
,,,,,
,,,,,
0.222796598,0.101075411,1.561459308,,,1
0.16781327,0.298328122,0.975567193,,1,1
0.033509763,1.042970083,1.227478703,,1,1
0.194357638,0.177068924,0.601020036,,,1
0.13275097,0.09209478,1.089762077,,,1
,,,,,
0.518307653,0.178149658,1.04722012,1,,1
0.08919575,0.067100426,1.201685703,,,1
0.481546663,0.299975663,1.118267071,1,1,1
0.232997927,0.355263191,2.305058684,,1,1
0.122401235,-0.018146725,1.341207222,,,1
,,,,,
0.570017915,0.943307503,2.227638268,1,1,1
,,,,,
0.184076059,0.182030985,1.321606125,,,1
0.491762428,0.273523716,1.117920961,1,,1
0.584358228,0.441152375,1.206257696,1,1,1
0.185030235,0.301861239,0.848265757,,,1
0.338901949,0.254255838,0.922361692,1,,1
0.406551436,0.21159173,1.676730232,1,,1
,,,,,
1.308518839,1.045055844,1.109581847,1,1,1
0.923263668,1.064510379,0.913082908,1,1,1
,,,,,
0.208797002,0.325434604,0.490843019,,,1
,,,,,
0.335785181,0.419429158,1.195091074,1,1,1
0.210885295,0.210332786,1.725960715,,,1
,,,,,
0.351333607,0.23332775,1.749276138,,,1
0.327295807,0.422722608,1.465640996,1,1,1
,,,,,
,,,,,
0.13347274,0.065165534,1.957722018,,,1
,,,,,
0.331042403,0.197339133,1.197280848,,,1
,,,,,
,,,,,
0.405145723,0.115130712,0.799516588,1,,1
0.634147584,0.330065848,0.848842758,1,,1
0.148352927,0.262650307,2.1582041,,,1
0.455392596,0.059609185,2.0864697,1,,1
0.270618766,0.276851561,1.054404687,,,1
0.655925322,0.335340225,2.291952779,1,1,1
0.159108655,0.051174848,0.747964641,,,1
0.89171458,0.204400593,0.984971673,1,,1
,,,,,
,,,,,
0.444954734,0.298379556,0.943568734,1,,1
0.559136715,0.269812905,0.85685781,1,,1
0.446838393,0.687306332,0.847644407,1,1,1
0.315009694,0.682575479,0.957425276,1,1,1
0.252520642,0.475453918,2.88605935,,1,1
0.165404453,0.155757788,0.641226405,,,1
0.208382706,0.303929358,1.590995706,,,1
0.363264821,0.200750161,1.64537759,1,,1
0.230832903,0.26196995,1.288476326,,,1
0.24139308,0.292413669,1.204328185,,,1
0.641047048,0.101779304,1.455962724,1,,1
0.235468801,0.13584345,1.269919116,,,1
,,,,,
0.115418959,0.183294394,1.203184474,,,1
0.581586118,0.246513197,1.084942956,1,,1
0.356197587,0.054787035,2.022085056,,,1
0.093416678,0.574741819,2.284332322,,1,1
0.659883321,0.34726891,0.64944437,1,,1
0.127476891,0.948173781,2.096678464,,1,1
0.84924909,0.391763921,2.144801034,1,1,1
0.340931997,0.521600656,1.043216643,,1,1
,,,,,
0.330225137,0.421669413,1.521184732,1,1,1
0.595803666,0.30752837,1.56947251,1,1,1
0.428217668,1.089327119,1.468747494,1,1,1
0.228880638,0.069533908,1.023068428,,,1
0.21984051,0.204973512,2.237112289,,,1
0.447855714,0.567240148,2.774197902,1,1,1
0.181278655,0.177692247,1.42655895,,,1
0.386904403,0.552822518,0.988436653,1,1,1
0.876465262,0.629895388,1.249890308,1,1,1
0.320473344,0.369515133,1.293540724,1,1,1
0.398786013,0.142008241,2.368959553,1,,1
0.154832281,0.327437989,2.094158605,,,1
0.2253818,0.127254535,2.011887854,,,1
,,,,,
1.022901473,0.27725137,0.478092663,1,,
,,,,,
0.297287367,0.40123331,2.109911472,,,1
0.134612039,0.408877476,1.587796486,,1,1
0.463937584,0.28989748,1.131543295,1,,1
0.49346914,0.293452143,1.334209374,1,1,1
,,,,,
0.205929765,0.272987389,2.067463203,,,1
,,,,,
0.394345381,0.289541838,1.579260243,1,1,1
0.391609609,0.227697296,1.142263413,,,1
-0.113395458,-0.034082995,1.593905776,,,1
0.161297754,0.543702636,1.696739614,,1,1
,,,,,
0.624786801,0.254642435,0.546786674,1,,1
0.186342473,0.360151834,0.915139844,,1,1
,,,,,
,,,,,
-0.004037432,0.020951139,1.674134916,,,1
,,,,,
0.132677661,0.04959135,2.160253786,,,1
0.364431099,0.528513361,0.94007862,,1,1
0.261219437,0.720448048,1.071073945,,1,1
,,,,,
0.320899159,0.432769735,1.392328156,1,1,1
0.075568857,0.016356634,1.45568072,,,1
0.46582219,0.623305652,1.368231571,,1,1
0.470230496,0.460356678,2.317867178,1,1,1
,,,,,
0.15300557,0.119889966,1.714607344,,,1
,,,,,
0.012031173,0.067393333,0.696462447,,,1
0.152641545,0.328145264,2.456113331,,1,1
0.325226129,0.104524351,2.133949338,,,1
0.627523212,0.302380654,0.403238108,1,,
,,,,,
0.36339259,0.266705674,0.848421086,,,1
0.475246843,1.269919447,0.937357384,1,1,1
0.21012844,0.194011446,0.760131487,,,1
,,,,,
0.038018504,0.023812715,1.383344333,,,1
0.263467005,0.385896431,0.915106854,,1,1
-0.118656786,-0.156647798,1.695780236,,,1
0.360836074,0.299452287,0.752231276,,,1
,,,,,
0.092907971,0.025448742,2.815586478,,,1
0.127837995,0.053656915,1.411844646,,,1
,,,,,
0.173144444,0.169435355,1.705049772,,,1
,,,,,
0.697121914,0.423726031,1.142582742,1,1,1
0.459754186,0.329189534,0.665552347,1,,1
0.258179475,0.249287999,1.317267935,1,1,1
0.614934038,0.244566884,0.59450187,1,,1
0.272419092,-0.035596818,2.495193917,,,1
,,,,,
0.190819838,0.452395809,1.590568905,,1,1
0.22166495,0.113023382,1.915267775,,,1
0.522617227,0.827252326,1.341984905,1,1,1
0.695310708,0.219265895,0.848558938,1,,1
0.394683397,0.255345663,1.153686035,1,,1
0.249297272,0.077343157,0.810566581,,,1
0.000346379,0.071413951,1.036144944,,,1
-0.004460365,0.00859039,1.491178069,,,1
0.168593314,0.480263612,0.982236723,,,1
0.241001362,0.305549473,1.582902231,,1,1
0.157256524,0.379213934,1.416863139,,1,1
0.252706546,0.083267538,1.654788694,,,1
0.422402908,0.129385809,2.614478814,,,1
0.328902327,0.513523786,1.601597287,,1,1
0.080011047,0.205497174,0.915729726,,,1
0.097557921,0.133266833,1.980726596,,,1
0.102719643,0.051428034,1.17043042,,,1
,,,,,
1.179518099,0.311891106,1.407712072,1,,1
0.028888194,-0.001032104,0.884391401,,,1
0.451024976,0.578618752,0.948287558,1,1,1
0.209445125,0.264284615,1.042875462,,,1
0.159453773,0.145561837,1.011478082,,,1
0.113146544,0.25575747,1.028936503,,,1
,,,,,
,,,,,
,,,,,
0.383619711,0.092082114,0.78734103,1,,1
0.128807856,0.657988787,1.463800464,,1,1
0.305396097,0.053677529,2.917901898,,,1
0.082412553,0.111278609,1.350966314,,,1
0.942021199,0.35370837,2.424348358,1,,1
1.182377771,0.680929653,2.337329584,1,1,1
0.09091733,0.251467121,0.907030356,,,1
0.129785265,0.333156061,1.617513559,,1,1
0.424518942,0.83365761,0.756092252,1,1,1
0.134228706,0.187272643,1.612897203,,,1
,,,,,
,,,,,
0.178206369,0.200529139,0.898491588,,,1
1.218023347,0.473646896,0.643214146,1,,1
0.293653663,0.881950336,1.485400901,,1,1
0.5707715,0.21673391,1.942519189,1,,1
0.325868092,0.152905698,1.042915128,1,,1
,,,,,
1.17716084,0.899186569,1.090574173,1,1,1
,,,,,
0.278446208,0.373200576,1.250916516,,,1
0.164684125,0.180264525,0.856977912,,,1
,,,,,
0.139225859,0.861512339,2.28581588,,1,1
0.289311576,0.222493916,0.531572226,,,1
0.231981513,0.520041903,1.055165489,,1,1
,,,,,
,,,,,
0.335083725,0.713112236,0.916711209,1,1,1
0.444936095,0.740743235,1.449215565,1,1,1
0.272731952,0.697809023,0.285156815,,1,
0.150084911,0.307338188,1.09095658,,1,1
,,,,,
0.020993905,0.493807612,1.317793152,,,1
0.22233755,0.478788027,0.587744115,,1,1
0.296711371,0.031637289,1.368667943,,,1
,,,,,
-0.08808823,0.151819152,1.501108611,,,1
0.033945919,0.052890755,0.918026461,,,1
0.332059625,0.307657465,1.505502699,1,1,1
-0.038372747,0.105984186,1.066443212,,,1
0.107812508,0.178954081,0.736436807,,,1
0.358749933,0.587278277,1.362998602,1,1,1
0.520556731,0.540911352,0.985858953,1,1,1
0.283161186,0.245271758,0.956072748,,,1
0.287408237,0.146724127,1.386098835,,,1
0.277569717,0.557367303,1.258578042,,1,1
1.019680014,0.260708646,0.479419788,1,,1
,,,,,
-0.105044109,0.109112349,1.497243288,,,1
0.287351284,0.591809796,1.645502613,,1,1
-0.094238758,0.035841553,1.869826239,,,1
0.094656089,0.390408977,1.107422453,,1,1
0.143783404,0.222581198,1.898440398,,,1
,,,,,
,,,,,
0.165878626,0.108400874,1.211402988,,,1
0.051493673,0.653782255,1.551658211,,1,1
0.073325157,0.523589279,1.973604184,,1,1
0.275229986,-0.120663604,1.172569834,,,1
,,,,,
0.059996516,0.137111295,1.136525456,,,1
0.512542578,0.20112402,0.796363229,1,,1
,,,,,
0.342964785,0.014349683,1.281777363,1,,1
0.389550578,0.164149652,1.960328589,,,1
0.141546675,0.091814281,0.820627353,1,,1
,,,,,
,,,,,
0.06276666,-0.02207205,1.349613941,,,1
-0.012047319,0.040908963,1.380158222,,,1
,,,,,
0.304447855,0.178836253,1.100777076,1,,1
0.087995023,0.961424031,1.713583613,,1,1
0.194395846,0.403211769,1.164053783,,,1
0.088294211,1.320117528,0.763106692,,1,1
,,,,,
,,,,,
0.12470152,0.65476794,0.966084035,,1,1
,,,,,
0.073955281,0.236050487,1.349495789,,,1
0.111455994,0.282373182,0.897009524,,,1
,,,,,
0.050899397,0.015009238,1.765573592,,,1
0.186106007,1.767337063,0.116975764,,1,
,,,,,
0.273179199,0.085555612,1.006010983,,,1
0.655598217,0.687834711,0.89348272,1,1,1
0.32954853,0.338900758,1.025498339,,,1
,,,,,
0.195228258,0.240022856,0.588055857,,,1
,,,,,
0.637489509,0.422478954,1.032838445,1,1,1
,,,,,
0.328844305,0.278045808,0.694770329,1,,1
0.243211236,0.277147817,0.608533308,,,1
0.824965353,0.548838663,1.071147766,1,1,1
0.407163641,0.004705325,2.158643405,1,,1
,,,,,
0.289932325,0.868369772,0.93719244,,1,1
0.937304133,1.568855587,0.374662042,1,1,
0.100441826,0.53553794,0.366362789,,1,
0.54520145,0.800482853,1.585099777,1,1,1
,,,,,
,,,,,
,,,,,
0.032982017,0.408046396,0.418765704,,1,1
0.319805941,0.288971728,0.501257228,1,1,1
0.215939179,0.313003834,0.621950452,,,1
0.22198285,0.243969304,0.973683301,,,1
,,,,,
0.245099414,0.440376825,0.803934011,,,1
,,,,,
0.327812357,0.308873353,0.529440565,1,1,1
0.004753343,0.255936316,1.646926913,,,1
0.67396293,0.597379882,0.759196705,1,1,1
0.10139481,0.294050754,0.426638027,,,
0.102865253,0.191781909,0.623035396,,,1
0.362532575,0.266234681,1.085819641,1,,1
,,,,,
-0.019848671,1.735334271,0.693366772,,1,1
,,,,,
,,,,,
0.404112541,0.240741882,0.861444037,1,,1
,,,,,
1.129538903,0.808596256,0.974530893,1,1,1
0.626961603,0.527792456,1.454575737,1,1,1
,,,,,
,,,,,
0.27321921,0.277138067,2.20081358,,,1
0.542474862,0.332122463,1.017765221,1,,1
,,,,,
,,,,,
1.51087356,0.929803488,1.170521,1,1,1
,,,,,
-0.064162807,-0.023707388,1.159265926,,,1
0.160110382,1.396953847,0.847431224,,1,1
0.319652793,1.461095862,1.363538842,1,1,1
-0.054669339,0.328292001,0.56884342,,1,1
0.256193141,0.509964387,0.260549821,,1,
0.590854947,0.242587726,1.08768418,1,,1
-0.046684781,0.335306743,0.481343887,,1,1
0.103870183,0.454867588,0.490826299,,1,1
0.243958136,0.764220334,0.472080446,,1,1
,,,,,
-0.021178329,0.313149574,0.715098756,,1,1
,,,,,
,,,,,
0.1061462,0.744397746,0.484611922,,1,1
,,,,,
,,,,,
,,,,,
,,,,,
-0.043210313,-0.139985027,0.779175017,,,1
0.065881642,0.437342882,0.290893624,,1,
0.048053607,0.316847593,0.718377928,,,1
,,,,,
,,,,,
-0.036912089,0.587928927,0.540979528,,1,1
,,,,,
,,,,,
,,,,,
0.328605309,0.127554435,1.528267902,1,,1
0.064748065,0.472719399,1.170199898,,1,1
,,,,,
0.188181987,0.661021829,1.247683303,,1,1
,,,,,
-0.186070668,0.048663599,0.199003902,,,
0.115402899,1.077073923,0.317864003,,1,1
,,,,,
,,,,,
,,,,,
,,,,,
0.163363991,0.213310996,0.649722987,,,1
,,,,,
-0.154722611,0.023749016,0.489106762,,,1
,,,,,
,,,,,
,,,,,
,,,,,
,,,,,
0.143156164,0.401902384,1.056959952,,,1
,,,,,
,,,,,
0.502839444,0.257791377,0.965151828,1,,1
,,,,,
,,,,,
,,,,,
0.036311727,1.000973189,0.830614611,,1,1
,,,,,
-0.031629277,-0.024140894,0.676148953,,,1
,,,,,
0.122667627,1.077271115,1.203095845,,1,1
-0.313169563,0.171907746,1.367307595,,,1
-0.004470051,0.098585148,1.458466128,,,1
0.165416923,0.120182097,1.533277455,,,1
,,,,,
,,,,,
,,,,,
,,,,,
,,,,,
0.264087394,0.694386348,0.806636037,,1,1
,,,,,
,,,,,
,,,,,
,,,,,
,,,,,
,,,,,
0.194443373,0.372577185,0.191753254,,1,
,,,,,
,,,,,
,,,,,
,,,,,
-0.011591644,0.47380218,0.380114805,,,
,,,,,
,,,,,
,,,,,
0.053438198,0.167108057,1.374380104,,,1
,,,,,
,,,,,
0.119813975,0.775979962,0.484758678,,1,1
0.114932409,0.172182721,1.260881787,,,1
0.210696959,0.029317685,1.100705517,,,1
,,,,,
0.986626947,0.401389849,2.399105031,1,1,1
0.4383545,0.031566147,1.28836282,,,1
0.298831456,0.255206063,0.821760131,,,1
,,,,,
0.416030613,0.303042331,0.664966345,1,,1
,,,,,
0.22671722,0.187765246,0.898506753,,,1
,,,,,
0.538969603,0.108183477,1.219897722,1,,1
0.509458507,0.384329145,1.467041424,1,1,1
0.476198223,0.212813101,0.641076449,1,,1
0.833740542,0.492600423,1.270322005,1,,1
0.311319473,0.099160727,1.527073753,,,1
,,,,,
0.47721429,0.192957367,0.946628814,1,,1
,,,,,
,,,,,
0.718266603,0.227772032,1.123761815,1,,1
,,,,,
,,,,,
0.380674871,0.101982361,2.962302304,1,,1
0.716023974,0.196105653,1.945768078,1,,1
0.269095239,0.308426799,1.651808969,,,1
0.085355373,0.065137261,1.957555535,,,1
0.3656705,0.141644035,1.503500491,1,,1
,,,,,
,,,,,
,,,,,
,,,,,
,,,,,
,,,,,
,,,,,
,,,,,
,,,,,
,,,,,
,,,,,
,,,,,
,,,,,
,,,,,
,,,,,
,,,,,
,,,,,
,,,,,
,,,,,
,,,,,
,,,,,
,,,,,
,,,,,
,,,,,
,,,,,
,,,,,
,,,,,
,,,,,
,,,,,
,,,,,
,,,,,
,,,,,
,,,,,
,,,,,
,,,,,
,,,,,
,,,,,
,,,,,
,,,,,
,,,,,
,,,,,
0.860367939,0.429050609,2.346084001,1,,1
0.516149492,0.387510183,2.897396476,,,1
0.567409932,0.376993734,3.731037144,,,1
,,,,,
0.402474778,0.721225092,2.113900872,,1,1
0.315683547,0.268741643,1.366789429,,,1
0.674744098,0.272205708,1.909622142,1,,1
0.56117603,0.554679848,1.344686553,1,1,1
1.339679478,0.298730732,2.768358586,1,,1
1.263284926,0.385465905,1.818854745,1,,1
,,,,,
0.394238711,0.4492085,1.694574724,,1,1
,,,,,
0.477299636,0.33489354,1.042321745,,,1
0.596941622,0.616445959,1.547609899,1,1,1
0.372977328,0.275554235,2.074808568,,,1
0.174738445,0.36990742,1.055383491,,,1
0.882793754,0.595733476,2.122701823,1,1,1
0.298345964,0.450430648,0.660401132,,,1
0.166250601,0.346378699,0.379007027,,,
0.99122833,0.221106106,1.927529296,1,,1
0.546947704,0.294301921,1.310139007,1,,1
0.382173448,0.419053676,1.133703716,,,1
0.448914692,0.355042887,2.829411354,,,1
0.227361774,0.363993831,1.466646357,,,1
0.212304669,0.435673032,0.799518258,,1,1
0.306847015,0.616983869,2.111703033,,1,1
,,,,,
0.303597326,0.511039021,1.356562407,,,1
0.295407733,0.331020392,0.708171461,,,1
0.295422193,0.209902333,1.381612155,,,1
0.608134467,0.471099686,2.402060832,1,,1
0.179534447,0.739346088,1.033897203,,1,1
0.190189911,0.274543268,1.872381936,,,1
0.472825745,0.463072994,1.493644799,1,1,1
0.770629728,0.263258543,1.833228076,1,,1
0.278021539,0.317731848,2.899484481,,,1
0.650059122,0.735703793,0.870965606,1,1,1
0.289720116,0.670215811,1.200534023,,1,1
0.28993721,0.990270519,0.942044918,,1,1
,,,,,
,,,,,
0.301414203,0.533456449,1.339733224,,,1
,,,,,
0.300808297,0.492388035,1.916244142,,1,1
0.291896111,0.927527827,0.858268262,,1,1
0.416438329,0.461281163,0.729443841,,,1
0.496398525,0.342389917,3.642898028,,,1
0.951528994,1.335509858,1.67811535,1,1,1
0.830660209,0.752843751,2.5867065,1,1,1
0.463031655,0.36645395,2.190836083,,,1
1.277589235,0.355500573,1.904797887,1,,1
0.336241585,0.277900101,2.277753198,,,1
0.351966518,0.470580949,1.080401515,,,1
,,,,,
0.440400459,0.510604336,0.688290054,,,1
0.271988662,0.583706512,1.561727563,,,1
0.934240321,0.382115479,2.654175893,1,,1
0.374896509,0.270852451,1.950714518,,,1
0.663338711,0.486741298,1.974072876,1,1,1
0.216205161,0.396796677,1.963634451,,1,1
0.303289127,0.54364879,0.938929665,,1,1
0.306237378,0.451952807,1.433267971,,,1
0.332917581,0.444398171,0.331024494,,1,
0.309928267,0.530665363,1.306045184,,1,1
0.2330956,0.449645691,1.125517214,,1,1
2.226594572,0.217871163,1.804963567,1,,1
0.43015873,0.37698895,2.026197053,,,1
0.364388955,0.487945068,0.836766345,,,1
0.3870988,0.432857769,1.155336849,,,1
1.528933002,1.111223649,1.298445716,1,1,1
0.452199458,0.723479879,0.828310583,1,1,1
0.440290998,0.461142737,0.346802918,,1,
0.19924081,0.37540091,1.578703616,,1,1
0.695041125,0.382189503,2.114594111,1,,1
2.16569599,0.470584976,2.733953884,1,,1
0.86200513,0.417365383,2.106496543,1,,1
0.502874029,0.526745325,1.493139189,,1,1
0.308131666,0.439455567,0.928645553,,,1
0.553836716,0.417025593,0.580555607,1,,1
0.247124834,0.511097966,0.957972875,,1,1
0.254705804,0.438339211,0.508000108,,,1
,,,,,
0.250359288,0.357859433,1.227294981,,,1
0.318712141,0.450198923,0.328160921,,,
0.403942507,0.739735735,0.769439939,,1,1
0.171495838,0.334241042,0.969934132,,1,1
0.145098582,0.247474976,0.734160603,,,1
,,,,,
,,,,,
,,,,,
0.285608172,0.514328663,1.522449704,,,1
0.511057927,0.488583876,1.363236823,,,1
0.334401647,0.210222374,1.629468524,,,1
0.244609491,0.499588523,0.407899397,,1,
,,,,,
0.712959311,1.516185331,1.725312014,1,1,1
,,,,,
0.782521931,0.406671217,1.914950942,1,,1
,,,,,
0.258934468,0.397511851,0.767714155,,1,1
,,,,,
0.198327254,0.290126582,0.882111245,,,1
0.317878928,0.150864855,0.904743561,,,1
0.572986693,0.676235007,1.307977637,1,1,1
0.216557279,0.292885832,1.644239431,,,1
0.271220438,0.492479223,0.886499115,,1,1
0.392114985,0.340877604,1.028416601,1,,1
0.200795801,0.363019097,1.900099078,,,1
0.337430081,0.256949265,0.73271584,,,1
0.365101973,0.391308202,0.653821623,,,1
0.268985837,0.460146721,0.476220226,,,
1.052456114,0.450868983,1.831391169,1,,1
1.457448458,1.065652075,0.693210643,1,1,1
0.354683835,0.450464556,0.525441854,,,1
0.265906045,0.397203277,1.102154203,,1,1
0.252312136,0.411015781,0.425766267,,,
0.751255887,0.362752555,1.226331943,1,,1
0.396875539,0.423269808,1.070365614,,,1
1.031106338,0.429664372,0.610519445,1,,1
0.323090782,0.62332148,2.008073698,,1,1
0.327655787,0.262890705,0.128814146,1,1,
0.377212674,0.635348053,1.073261411,,1,1
0.284707467,0.486367805,0.634475344,,,1
0.933299187,0.488404827,0.744763759,1,1,1
1.205592479,0.398060098,1.032663238,1,,1
,,,,,
0.539080114,-0.479336116,3.066888123,1,,1
0.201475746,0.137715851,2.869119607,,,1
1.101849984,0.643078038,1.446336606,1,1,1
0.500649827,0.44834986,0.779395671,1,1,1
0.341855134,0.844951205,0.934010223,,1,1
0.374396335,0.355925225,1.727630139,,,1
0.599698528,0.322449797,0.529924378,1,,1
0.26325832,0.45197334,1.013549349,,1,1
,,,,,
0.412509256,0.411127346,1.369024129,,,1
0.581648427,0.281751808,1.487082759,1,,1
,,,,,
0.522327258,0.597829531,1.1987619,,1,1
0.556877189,0.518563687,1.354569468,1,1,1
0.58951733,0.466280102,0.661820936,1,,1
0.641106221,0.994770104,0.750894179,1,1,1
0.359463186,0.31266394,0.53682338,1,1,1
0.297194494,0.470231893,0.696449426,,,1
0.505739476,0.49334235,0.677697625,,,1
0.871097889,0.656683441,1.190225763,1,1,1
0.138499049,0.126018132,0.100653388,,,
1.071216785,0.332646394,0.988044924,1,,1
0.699598246,0.385889867,1.124892617,1,,1
0.352978154,0.305266083,1.124589778,,,1
0.268040347,0.594140205,1.026807939,,1,1
0.323072553,0.359716933,1.369621587,,,1
0.380510127,0.293873429,1.321561273,,,1
0.858514231,0.502782499,1.227003197,1,1,1
0.280913272,0.65785838,0.998069033,,1,1
1.347522526,0.220408502,2.534211142,1,,1
0.38177018,0.414980252,0.511573489,1,1,1
,,,,,
0.450756888,0.724151378,0.734714608,1,1,1
0.316734535,0.448102273,2.201169026,,,1
0.45529559,0.365555508,0.617242996,1,,1
0.988866883,0.498382687,2.307665323,1,,1
,,,,,
0.828772171,0.320346288,0.892495162,1,,1
0.666554425,0.506396727,0.414918102,1,1,
0.303796608,0.377618548,0.82151866,,1,1
1.139483188,0.109508576,0.937565164,1,,1
,,,,,
,,,,,
0.502951939,0.805139472,0.652140759,,1,1
0.670887151,0.503853671,0.882239991,1,,1
0.365551358,0.940923001,2.214836775,,1,1
,,,,,
,,,,,
0.607207989,0.453151267,2.751531931,1,1,1
0.631495063,0.555409639,1.198936961,1,1,1
0.665134541,0.573355582,1.250752681,1,1,1
1.37478242,0.545365139,0.840020199,1,1,1
0.618167331,0.467805468,1.919640035,1,,1
0.542654686,0.887566519,0.84891363,1,1,1
,,,,,
0.325267362,0.304107342,1.335611873,1,1,1
0.432227694,0.325068786,2.728728885,,,1
1.560577621,0.376537774,2.287682985,1,1,1
0.409690127,0.274537796,1.599898542,1,,1
0.879868058,0.697325791,2.097846722,1,1,1
,,,,,
0.276407738,0.408533644,1.75954384,,,1
,,,,,
0.350403387,0.478711479,1.826878428,,,1
,,,,,
0.477627027,0.311467875,3.572349707,1,,1
1.107166992,0.586167213,2.140023544,1,1,1
0.572823289,0.724258967,2.255743656,1,1,1
,,,,,
,,,,,
0.497963255,0.411384985,1.781362679,1,1,1
0.687593203,1.25639866,0.683948739,1,1,1
,,,,,
1.290963474,0.79497847,2.082919985,1,1,1
,,,,,
0.68037871,0.994670286,1.306171208,1,1,1
1.091906356,0.331258439,1.75595656,1,,1
1.578052064,0.727692967,2.711355699,1,1,1
0.623964683,0.374078298,2.499027835,1,,1
0.605338296,0.428260988,1.424430734,1,,1
,,,,,
0.718440835,0.782635315,3.08420532,1,1,1
0.587777229,0.61944368,1.869801761,1,1,1
0.374194014,0.423026576,2.21374186,,1,1
,,,,,
,,,,,
0.385660628,0.323190751,4.113101228,1,,1
1.025554053,0.335529995,2.785296811,1,,1
0.461043106,0.958056557,2.086231783,1,1,1
1.253713181,0.589178984,3.499394558,1,1,1
0.8771921,0.502509293,1.759197756,1,1,1
,,,,,
1.174731886,0.564387969,2.078021892,1,,1
0.700924983,0.448294638,2.432235736,1,1,1
0.981909108,0.506045923,3.181806967,1,,1
0.803818862,0.468001292,2.499111201,1,1,1
0.832702855,0.627729465,1.609973529,1,1,1
1.404356036,0.780439606,1.520933511,1,1,1
0.419410669,0.620102405,1.608022833,,1,1
,,,,,
1.744336422,0.570925108,3.563924949,1,1,1
,,,,,
0.825282703,0.38515559,2.159928351,1,,1
0.409423369,2.053342115,1.878454271,,1,1
0.679102266,0.363136457,1.602728692,1,,1
0.580605907,0.321878849,1.841668379,1,,1
0.771382353,0.560054205,0.922234902,1,1,1
,,,,,
,,,,,
1.006086279,0.604511253,1.903906421,1,1,1
1.611781267,0.845203037,2.572339306,1,1,1
1.171343419,0.969183667,1.655783601,1,1,1
,,,,,
0.947880878,0.721147121,2.807543393,1,1,1
1.735454915,1.681615424,2.822844656,1,1,1
,,,,,
0.5096066,0.35325506,2.268467982,1,,1
0.703323764,0.266268435,2.826184222,1,,1
0.688560283,0.419671369,4.004821736,1,,1
,,,,,
1.111695407,0.762807305,0.996037519,1,1,1
0.394953984,1.422420198,1.256098737,1,1,1
0.697291123,0.337017592,1.801073464,1,,1
1.33023008,1.07059154,1.629995185,1,1,1
,,,,,
,,,,,
0.233368343,0.362269026,0.967842889,,,1
,,,,,
0.977241558,0.778276892,2.294601707,1,1,1
0.45610382,0.370940703,2.017258611,,,1
0.609110228,0.350776497,1.642991002,1,,1
1.346702766,0.378022405,1.414688877,1,,1
0.992387383,0.739738616,1.355145572,1,1,1
,,,,,
1.077220756,0.433966829,1.833274547,1,1,1
0.436318472,0.435540628,1.235542923,,,1
0.243840025,0.340963283,0.764229601,,,1
,,,,,
0.955095474,0.941793111,0.884195333,1,1,1
0.699525967,1.034119145,2.460474327,1,1,1
0.504525938,1.233844703,2.986901473,,1,1
1.19209647,0.450768497,1.879123384,1,,1
0.888382087,0.269687549,2.172646121,1,,1
,,,,,
1.381611778,1.323741259,1.618063973,1,1,1
0.793144387,0.659692625,1.769309302,1,1,1
1.229356114,0.333326361,2.126603284,1,,1
1.029884219,0.431628603,2.101750414,1,1,1
,,,,,
0.697742961,1.095531237,1.322630327,1,1,1
,,,,,
1.761613715,0.933502311,1.248643939,1,1,1
,,,,,
0.666321755,0.767913449,2.293202386,1,1,1
,,,,,
0.669921938,0.390905092,1.973252249,1,,1
1.070110214,0.331215298,1.694783861,1,,1
,,,,,
1.165233457,0.287426576,2.824276023,1,,1
0.475303514,0.690383336,0.881907367,1,1,1
1.523787162,0.93076533,1.570660749,1,1,1
1.006115536,0.671334736,2.689363263,1,1,1
,,,,,
0.763094211,0.503148038,2.169363478,1,1,1
,,,,,
,,,,,
0.226016037,1.456161763,1.182377255,,1,1
0.560348774,0.297378764,1.541494328,1,,1
,,,,,
0.739405327,0.594642007,1.066896313,1,1,1
,,,,,
,,,,,
0.382097891,1.035616311,1.659234967,,1,1
1.929167455,0.46302101,1.667241464,1,1,1
,,,,,
1.13548587,0.450703048,2.344495104,1,1,1
0.487732067,0.353154019,1.359741798,1,,1
1.353994098,0.378309256,1.803693762,1,,1
,,,,,
,,,,,
,,,,,
,,,,,
,,,,,
,,,,,
1.800812824,0.510081924,1.851240075,1,1,1
0.598866182,0.299525602,3.415144267,1,,1
0.16193936,0.934268959,1.083193968,,1,1
,,,,,
,,,,,
,,,,,
0.803984718,0.567004761,1.826292927,1,1,1
0.18554778,0.401500416,2.152130967,,1,1
0.73958199,0.904953278,2.614430682,1,1,1
0.297335804,0.412829714,1.757179438,,,1
0.036822372,0.861354686,1.03436678,,1,1
0.47186966,0.970949048,1.599503764,,1,1
,,,,,
0.145026441,0.555494574,1.506194565,,1,1
0.19923079,0.675907297,1.533178976,,1,1
,,,,,
0.445740957,0.740191116,0.888297519,,1,1
0.351512914,0.45628672,1.076795861,,,1
0.49804758,0.617105399,2.608327294,,1,1
0.73915184,0.457555649,1.899886126,1,1,1
0.717869725,0.819312791,2.141806557,1,1,1
0.388429582,0.364376929,2.230392744,,,1
0.465383041,0.359631824,0.785888987,,,1
0.423532249,0.340249557,2.464836003,,,1
0.134523952,0.185475217,1.894810036,,,1
0.38136071,0.262697911,1.14274409,1,,1
0.136593053,0.214883044,1.140569399,,,1
0.178065501,0.403586654,0.683788888,,1,1
,,,,,
1.634393784,0.375767879,2.047862337,1,,1
0.16035855,0.324494629,0.642085303,,1,1
0.243032578,0.481300463,0.816544369,,1,1
,,,,,
,,,,,
0.154831914,0.501056763,1.443628626,,1,1
,,,,,
,,,,,
0.359587965,0.361825723,2.083019936,,,1
0.809816307,0.354057788,2.412460398,1,,1
0.314972838,0.23474226,0.657001038,,,1
,,,,,
,,,,,
,,,,,
,,,,,
,,,,,
,,,,,
,,,,,
,,,,,
,,,,,
,,,,,
,,,,,
,,,,,
,,,,,
,,,,,
,,,,,
,,,,,
0.213472679,0.128000509,1.165505943,,,1
0.954671137,0.391284714,1.206722718,1,,1
,,,,,
,,,,,
,,,,,
0.381208939,0.295313435,0.546337154,,,
,,,,,
,,,,,
0.305228622,0.384660764,1.817082468,,1,1
0.324304121,0.446537893,2.589853784,,,1
0.399378058,0.315919088,0.618810887,,,1
,,,,,
0.43472703,0.50190931,1.151186077,1,1,1
0.246771243,0.407466542,1.253218158,,,1
0.539862539,0.193294669,2.947893994,,,1
,,,,,
0.593057245,0.446842009,1.271604714,,,1
0.25857673,0.303227217,1.831366779,,,1
0.146981156,0.292575489,0.983935784,,,1
0.359451138,0.414586945,1.127752102,,,1
,,,,,
0.375933606,0.123329146,1.213171698,,,1
,,,,,
,,,,,
0.392235464,0.523086361,1.6513404,,,1
,,,,,
,,,,,
,,,,,
,,,,,
,,,,,
,,,,,
,,,,,
,,,,,
,,,,,
,,,,,
,,,,,
0.195194067,0.206515695,0.99875507,,,1
,,,,,
,,,,,
0.372346788,0.665794917,1.585589144,,1,1
,,,,,
0.74643259,0.268513274,1.184470914,1,,1
0.931242636,0.580666384,2.06665421,1,,1
0.308731708,0.209512725,0.742698219,,,1
,,,,,
,,,,,
,,,,,
0.537244616,0.273533689,1.38628655,1,,1
0.313943957,0.392864927,1.810589902,,,1
,,,,,
0.140940712,0.463169698,0.844866589,,,1
,,,,,
0.256966939,0.096970639,0.931265255,,,1
0.338863667,0.251256734,0.977199346,,,1
0.180637044,0.285399537,0.687852611,,,1
,,,,,
,,,,,
,,,,,
,,,,,
,,,,,
0.546466807,0.210900122,1.327871972,1,,1
0.478604037,0.910544852,0.970936906,1,1,1
0.343839814,0.330853398,0.65642857,,,1
0.485564961,0.367771514,1.185252164,,,1
0.445106011,0.261361279,1.484362316,,,1
0.272672583,0.100665955,0.460741699,,,1
,,,,,
,,,,,
0.487428221,0.420679186,0.758331224,,,1
,,,,,
0.278892658,0.343253596,1.680663566,,,1
0.825100841,0.260377273,1.196202013,1,,1
,,,,,
0.374231566,0.384815725,1.630002372,,,1
0.60371972,0.25325743,1.295353447,,,1
,,,,,
,,,,,
,,,,,
,,,,,
,,,,,
0.677813752,0.283798908,0.671416642,1,,1
,,,,,
,,,,,
0.789334905,0.449700894,1.05043352,1,,1
,,,,,
0.539813176,0.364326543,1.019837947,1,,1
1.156961619,0.787927518,1.665173186,1,1,1
0.41473229,0.250744876,1.626286048,,,1
0.415764886,0.466671934,1.036917486,,,1
,,,,,
0.586955977,0.293990321,1.037627404,1,,1
0.655912162,0.311362146,1.901757865,1,,1
,,,,,
,,,,,
,,,,,
,,,,,
0.475543037,0.479489359,1.880360412,,,1
0.363878386,0.46899784,1.400525527,,,1
0.549079093,0.385238048,1.277605564,,,1
,,,,,
,,,,,
0.34176305,0.686270601,1.833707583,,1,1
,,,,,
0.244751122,0.226609925,2.87342479,,,1
,,,,,
0.257274272,0.247077628,1.346011652,,,1
0.935408258,0.428704926,1.937087518,1,,1
,,,,,
,,,,,
,,,,,
0.107294341,0.181959176,0.652732019,,,1
0.324549854,0.198959856,1.369383601,,,1
1.378440283,0.402418412,0.690633973,1,,1
,,,,,
0.324138443,0.450222018,0.995942923,,,1
0.461398837,0.177225235,1.230780647,1,,1
0.195794715,0.254419575,1.098788877,,,1
,,,,,
0.347784932,0.218385957,1.358309669,,,1
0.792994927,0.355465786,1.876316768,1,,1
0.531312066,0.487479665,0.708568446,,,1
0.49219471,0.305046268,0.935961722,,,1
0.299442965,0.219912048,1.259530398,,,1
,,,,,
0.268392293,0.363632098,0.765435574,,,1
0.229211471,0.445279392,1.268239841,,,1
0.506913853,0.539634648,2.139760324,1,1,1
,,,,,
,,,,,
0.332919753,0.867128551,0.705542454,,1,1
,,,,,
,,,,,
0.322561809,0.46866767,0.861713514,,,1
,,,,,
,,,,,
0.072465415,0.541415566,0.297961385,,1,
0.289659984,0.625859188,1.11055845,,1,1
,,,,,
0.351637859,0.34178248,1.172870913,,,1
,,,,,
0.438077894,0.308372575,1.903201842,1,,1
0.626993114,0.48444917,1.718359286,1,1,1
0.203551705,0.20308793,1.374359743,,,1
0.740592492,0.417185417,2.214234316,1,,1
0.482906298,0.210890798,1.052524069,,,1
0.572824182,0.439749936,1.03064493,1,,1
0.229894177,0.236301091,1.036531899,,,1
,,,,,
0.460187785,0.775049506,1.272030206,,1,1
,,,,,
0.540616409,0.472955827,1.890462639,1,,1
,,,,,
0.573071091,0.212490829,1.524015696,1,,1
,,,,,
,,,,,
,,,,,
0.719715491,0.916842595,1.681541285,1,1,1
0.240895282,0.278702325,3.51301325,,,1
0.546688558,0.297898745,2.212145037,,,1
,,,,,
0.286360156,0.774010537,1.43876437,,1,1
,,,,,
0.38383925,0.251186666,1.599387677,1,,1
,,,,,
0.328356874,0.364575076,1.653281254,,,1
0.795461947,0.475074615,1.389015159,1,,1
0.351150147,0.183399354,1.38215602,,,1
0.057497739,0.142163162,0.485740266,,,1
,,,,,
0.572454793,0.832504462,1.943179436,1,1,1
,,,,,
,,,,,
0.291880958,0.433134726,0.635237702,,1,1
0.34356545,0.234298217,1.485184489,,,1
0.198177718,0.090589481,1.694369265,,,1
,,,,,
,,,,,
1.306677188,0.225025643,1.038136383,1,,1
0.234892356,0.429042659,1.233392276,,,1
,,,,,
,,,,,
0.404872823,0.225736522,1.91233819,,,1
,,,,,
0.374627709,0.334387966,1.570842282,,,1
,,,,,
,,,,,
,,,,,
0.395654206,0.395342502,2.106263187,,,1
,,,,,
0.247697001,0.452748335,1.633514396,,,1
,,,,,
0.482561905,0.357697627,1.501549129,,,1
,,,,,
0.404838743,0.318600917,0.966764316,,,1
0.839042351,0.515841644,1.691207352,1,,1
0.71746721,0.408737221,2.519491574,1,,1
0.630380687,0.370280209,2.080760875,1,,1
0.844766752,0.421662565,2.376303234,1,,1
0.828510344,0.242622489,0.906777973,1,,1
0.351495423,0.4120673,1.80116072,,,1
0.463979126,0.238272932,1.37486527,1,,1
0.361219197,0.295839934,1.446190774,,,1
,,,,,
,,,,,
0.458793292,0.276706079,0.79220417,,,1
,,,,,
0.287386195,1.71783531,0.844378594,,1,1
0.433776031,0.244321272,1.326910301,,,1
,,,,,
0.449645457,0.917220042,1.064433351,,1,1
,,,,,
0.313633457,1.091665975,1.741400879,,1,1
0.023601594,0.158173021,1.405679021,,,1
,,,,,
1.029005581,0.529215381,2.018716761,1,,1
,,,,,
,,,,,
0.224771706,0.204864404,1.058956805,,,1
0.323187406,0.212499674,1.399773499,,,1
,,,,,
,,,,,
0.12785248,0.190507421,0.471561551,,,
0.398097976,0.377676071,0.995217696,,,1
0.209278215,0.231410319,1.141401514,,,1
,,,,,
,,,,,
,,,,,
0.270873887,0.297976838,1.745644761,,,1
,,,,,
,,,,,
0.143142041,0.223875885,0.533205124,,,
,,,,,
0.328800647,0.076326069,1.505069697,,,1
0.692198933,0.293115213,1.402016528,1,,1
,,,,,
,,,,,
0.684067835,0.541935272,1.65241293,1,1,1
0.324354545,0.690760154,1.111283559,,1,1
0.633599119,0.469755631,2.035787431,1,,1
0.627495255,0.410918189,1.424199033,,,1
0.428530515,0.296026173,2.504992072,,,1
0.371974339,1.042403968,0.904642894,,1,1
0.345081274,0.429342207,1.032002635,,,1
0.179622387,0.422866716,1.072464211,,,1
,,,,,
0.394541322,0.690202268,0.769477848,,1,1
,,,,,
1.409614053,0.160561439,1.781749003,1,,1
,,,,,
,,,,,
0.225449135,0.317703055,0.879155985,,,1
0.24919724,0.306350843,2.388125141,,,1
0.330633816,0.295740016,2.554884325,,,1
,,,,,
,,,,,
,,,,,
0.100201797,0.21995303,0.449691714,,,1
,,,,,
,,,,,
,,,,,
,,,,,
,,,,,
,,,,,
0.189227592,0.570189945,0.48351763,,,
,,,,,
0.483585882,0.29437849,1.931045357,1,,1
,,,,,
,,,,,
,,,,,
,,,,,
0.350953309,0.377157923,1.374771921,,,1
,,,,,
,,,,,
0.201126594,0.417218827,1.861915036,,,1
0.499289768,0.356432225,2.168419247,,,1
0.038818599,0.292442466,0.544332001,,,1
0.252398962,0.182090719,1.059308389,,,1
0.32603123,0.181892042,1.510134215,,,1
,,,,,
,,,,,
0.469508536,0.526864543,2.043680113,1,1,1
,,,,,
0.189677886,0.191508373,0.531947429,,,1
,,,,,
0.605718521,0.249811543,1.683145249,1,,1
,,,,,
,,,,,
,,,,,
0.379474856,0.557666582,1.030661815,,,1
,,,,,
,,,,,
0.421671036,0.172799528,1.145231361,1,,1
,,,,,
0.603761501,0.451574996,1.795072289,1,,1
0.839016669,0.420064051,1.700029602,1,,1
1.095389375,0.64824678,1.137027325,1,1,1
,,,,,
0.128788265,0.19474582,1.326958554,,,1
0.723699801,0.256406928,1.589741359,1,,1
0.273644946,0.136793964,0.639151975,,,1
,,,,,
,,,,,
,,,,,
0.242671643,0.369740004,0.876827265,,,1
0.084161965,0.237830028,1.064789057,,,1
,,,,,
,,,,,
,,,,,
,,,,,
,,,,,
0.187987303,0.134111901,0.970236586,,,1
,,,,,
0.189534957,0.354819078,1.367571085,,,1
,,,,,
,,,,,
0.284194727,0.554667125,0.904732263,,1,1
,,,,,
0.19915975,0.32745766,0.724921006,,,1
,,,,,
,,,,,
0.417230065,0.449793348,1.59081039,,,1
0.403837095,0.618203251,1.124650243,,1,1
0.420460458,0.379181706,1.440655577,,,1
,,,,,
,,,,,
,,,,,
0.542897601,0.873109666,1.270127317,1,1,1
0.594495243,0.989532494,1.062162287,,1,1
0.093941362,1.111213856,0.217554679,,1,
,,,,,
,,,,,
,,,,,
0.169744847,0.27393951,0.592906691,,,1
0.128258508,0.695642637,0.404929328,,1,
0.366920538,0.245673979,1.522516778,1,,1
0.065200319,0.199768567,0.480722688,,,
,,,,,
0.387578265,0.233127539,0.506864604,,,
0.605255304,0.358316961,1.53244715,1,,1
,,,,,
,,,,,
,,,,,
,,,,,
0.334813186,0.499603522,0.839399819,,,1
0.336618674,0.448578211,1.165812455,,,1
,,,,,
,,,,,
,,,,,
0.336499857,0.286233252,1.227932363,,,1
,,,,,
,,,,,
,,,,,
,,,,,
,,,,,
0.264933083,0.302272915,0.691084326,,,1
0.130266657,0.287918814,1.27905328,,,1
,,,,,
0.163736157,0.679818898,0.551167151,,1,1
,,,,,
0.116336417,0.355546785,0.765070402,,,1
,,,,,
0.459559681,0.342531689,1.447038639,,,1
0.070267451,0.335434483,0.85318855,,,1
,,,,,
0.337996125,0.22446203,0.504338886,,,1
0.121581895,0.227792285,0.640513733,,,1
,,,,,
,,,,,
0.387336385,0.279561023,1.410267787,,,1
0.296861957,0.370445667,0.844070222,,,1
,,,,,
,,,,,
0.22266513,0.252789845,0.626859147,,,1
0.203829064,0.982252242,2.018657986,,1,1
,,,,,
0.493344755,0.384970874,1.15917032,,,1
,,,,,
,,,,,
,,,,,
0.048482983,0.16889353,0.62130473,,,1
,,,,,
,,,,,
,,,,,
,,,,,
,,,,,
,,,,,
,,,,,
,,,,,
,,,,,
,,,,,
,,,,,
,,,,,
,,,,,
0.099677659,0.448553182,1.682451071,,1,1
0.353672536,0.217215488,2.344472404,1,,1
0.646264277,1.808514042,1.913790431,1,1,1
0.350919189,0.338227495,0.94986918,,,1
,,,,,
0.072013399,0.13238084,1.180241952,,,1
0.790309988,0.721940677,2.226475936,1,1,1
0.276171753,0.661266182,2.175274264,,1,1
0.524302263,0.732122684,1.186542579,1,1,1
0.197449543,1.24784539,0.20883776,,1,
,,,,,
,,,,,
1.072432851,0.113839011,2.507099119,1,,1
,,,,,
,,,,,
1.390438871,0.469517596,1.927439351,1,,1
0.159134361,0.371000901,2.129219664,,,1
0.565973911,0.412585965,1.122121626,1,,1
,,,,,
0.12176713,0.189997237,1.607208857,,,1
,,,,,
0.626242531,0.490571217,1.529122119,,,1
0.102764348,0.268403665,1.973792614,,,1
0.841063325,1.000270331,2.133447845,1,1,1
,,,,,
,,,,,
0.167881012,0.12551948,1.070423611,,,1
0.760897324,0.946600237,1.616783633,1,1,1
0.350019162,0.210024829,1.372877719,1,,1
0.305928288,0.142682839,1.137267958,1,,1
0.225917782,0.219545877,0.948063369,,,1
0.180544898,0.340504017,0.52478643,,,1
0.387791876,0.485621541,0.53750557,,,1
0.484406661,0.228615921,1.445208942,1,,1
1.643681417,1.225538831,2.850839904,1,1,1
0.58212017,0.216169731,1.135458826,1,,1
0.439118455,0.178086867,1.194984375,1,,1
0.340894244,0.581147456,2.169141223,,1,1
0.174339134,0.339480652,1.251201831,,,1
0.173990092,0.200868979,0.530466892,,,1
0.272392689,0.709569628,0.459527214,,1,
,,,,,
0.407763582,0.201336889,0.698114886,1,,1
0.136237525,0.151655622,1.198141736,,,1
,,,,,
0.883315954,0.812797159,1.157942916,1,1,1
0.223524384,0.39903981,1.331768439,,1,1
,,,,,
0.171549192,0.216561771,1.691892743,,,1
0.106819506,0.163734328,1.007258259,,,1
,,,,,
0.172584472,0.27747533,1.646991273,,1,1
,,,,,
,,,,,
,,,,,
0.136257321,0.264394316,1.101214888,,,1
1.255928009,1.579702007,3.390496329,1,1,1
0.344726313,0.286724667,1.505998206,,,1
,,,,,
,,,,,
,,,,,
,,,,,
,,,,,
0.353924131,0.398619482,1.242570015,,,1
,,,,,
1.601598414,0.087215839,0.760648042,1,,1
0.468362722,0.460023534,1.898041611,,,1
,,,,,
1.684237484,-0.179176933,0.851629311,1,,1
,,,,,
1.431920642,1.041861193,2.012069024,1,1,1
1.516000208,0.126702403,1.085134223,1,,1
0.694165265,0.816352402,1.599245745,1,1,1
0.617299287,0.310760277,1.161824869,1,,1
0.56636876,1.448322587,1.443387952,1,1,1
0.522260344,1.643319966,1.410378049,1,1,1
0.109276469,0.184740143,0.197677803,,,
,,,,,
0.767818713,0.368154638,0.849234825,1,,1
0.152793531,0.105792097,0.195864925,,,
0.719741128,2.272186741,2.07368566,1,1,1
0.428652939,0.464437172,1.859744177,1,1,1
0.146873481,0.188166413,0.460771262,,,1
0.288571891,0.475201825,0.958281868,,,1
0.918666547,2.721168058,1.979363221,1,1,1
0.635974768,2.373727808,1.551324642,1,1,1
0.102322208,0.060466818,1.318698308,,,1
0.126776519,0.241163841,0.66024415,,,1
,,,,,
,,,,,
0.163539485,0.278956553,1.445154586,,,1
,,,,,
0.417614739,0.257737854,1.762418448,1,,1
2.153693759,0.768772789,1.892323799,1,1,1
0.304553517,0.335071311,0.668229047,,,1
0.463237143,0.250319845,1.328176298,,,1
0.268309189,0.274796284,0.522563245,,,
1.018423376,0.423355442,1.844956007,1,1,1
0.368565188,0.775223631,1.623148218,,1,1
1.468855077,0.291309978,2.639151143,1,,1
0.158774408,0.424903967,1.766955111,,,1
0.823354258,0.226889203,1.525762001,1,,1
0.431952994,0.329321704,1.452394916,1,,1
1.089298086,0.225685281,4.80470138,1,,1
0.434699705,0.300661677,1.988482496,1,,1
1.216499117,1.245258889,1.80457756,1,1,1
0.507399674,0.479833417,5.652239867,1,,1
0.351335137,0.845815663,1.353845148,1,1,1
0.623475871,0.26159117,1.017547061,1,,1
1.314580351,0.192546678,0.703251916,1,,1
1.571797399,0.199768809,1.800593623,1,,1
1.153856879,0.487390593,3.224279423,1,1,1
1.570833593,0.390332906,1.511753466,1,,1
0.292212327,1.054120115,1.342275486,,1,1
0.519436257,0.943138028,1.007802288,1,1,1
1.561326866,0.608350511,1.610340452,1,1,1
0.615519158,0.646650396,0.586389023,1,1,1
1.324119748,0.479678007,2.960133597,1,,1
0.692625492,0.415244741,1.692884162,1,1,1
1.633067442,1.091663321,2.639068765,1,1,1
0.289380946,0.545305566,1.68101964,,1,1
0.781502302,0.78881058,1.36720057,1,1,1
0.32291485,0.621193937,1.442503445,,1,1
0.189569781,0.337712363,2.003549433,,,1
0.337780447,0.237586369,1.797850009,,,1
0.318680242,0.171900003,2.158453349,,,1
,,,,,
0.458180974,0.256085426,2.64026113,,,1
0.749448874,0.29599197,1.044480984,1,,1
1.595704774,1.787937438,0.846328507,1,1,1
0.795780799,0.600821463,2.142970202,1,,1
,,,,,
0.523240862,0.3193132,1.48614372,1,,1
0.522259285,0.1835252,1.083754316,1,,1
0.630438037,0.355983618,2.667802985,1,1,1
1.307333516,1.412565647,2.069598151,1,1,1
0.18275095,0.732805569,1.597696456,,1,1
,,,,,
0.380128129,0.162576657,0.793923838,,,1
0.734061935,0.273665683,2.457933547,1,,1
0.157112154,0.405126534,1.428280407,,1,1
0.457166035,0.391745224,0.833361195,,,1
0.621164151,0.567598488,1.756079441,1,1,1
0.225155826,0.170672504,0.480558335,,,1
0.674617618,0.546090551,2.585211284,1,1,1
0.280998503,0.035323725,0.340818514,,,
2.289154439,1.821713019,1.315546133,1,1,1
0.325879237,0.22921852,1.641537514,,,1
0.268016786,0.208225472,3.917469889,,,1
0.283001818,0.158348888,0.839588121,,,1
0.293671272,0.163248362,0.703521506,,,1
0.883784459,0.844275238,1.054240416,1,1,1
0.333434273,0.143531901,0.79081224,,,1
0.511416434,0.388223712,1.053386348,,,1
,,,,,
1.014115787,0.559942041,0.835793468,1,1,1
1.080336981,0.578855288,2.830610909,1,1,1
,,,,,
0.25120351,0.139018742,1.721982919,,,1
1.256555489,0.3831576,1.449051933,1,1,1
0.520808294,2.305364915,0.658944742,1,1,1
0.160000204,0.281342444,0.736060977,,,1
0.358415511,0.070924492,1.017369629,1,,1
0.413833087,2.505461464,0.664767852,1,1,1
0.110241718,0.231918064,1.155288973,,,1
0.148942629,0.335815314,1.22989426,,,1
0.141584139,0.535335241,1.792464539,,1,1
0.164504374,1.461367238,1.052411899,,1,1
0.104112171,2.211239856,2.085683225,,1,1
,,,,,
,,,,,
0.480456255,0.483892762,2.08749395,1,1,1
0.614802189,0.843619057,0.993851834,1,1,1
0.248750924,2.060123497,1.172531996,,1,1
0.4851891,0.595735233,2.288906549,1,1,1
,,,,,
,,,,,
1.053211469,0.141267637,1.540965466,1,,1
0.579591728,1.733764375,0.904515076,,1,1
,,,,,
0.385039767,1.827786375,1.135913781,1,1,1
1.380771512,1.462489692,1.473396965,1,1,1
3.030560575,0.274571629,4.269743887,1,,1
0.524292934,0.382640762,0.98614361,,,1
0.207209618,1.128411961,2.500585441,,1,1
,,,,,
2.242783309,0.592940598,4.045909875,1,,1
,,,,,
0.534363426,2.53360297,2.303429338,1,1,1
0.175532572,0.208525704,0.415405879,,,1
0.362141371,0.831304745,3.871875433,,1,1
1.768507911,1.108578137,0.893770522,1,1,1
0.168550226,0.308853725,0.559345098,,,
1.294089671,0.616048054,2.796888361,1,1,1
0.472331587,0.35667487,0.793943017,,,1
0.315723882,0.254014406,0.358740374,,,
0.93262857,0.683705482,1.849677085,1,1,1
0.237985535,0.615093858,0.532122856,,1,1
0.701094144,0.216080099,2.436261165,1,,1
,,,,,
0.512029974,1.440963155,0.968948311,1,1,1
1.041857353,0.683398077,2.337464721,1,1,1
0.216929889,0.429819315,2.083738724,,1,1
,,,,,
1.333266655,1.699926257,2.506755933,1,1,1
0.465179446,0.258743524,0.904735421,1,,1
0.727076581,0.679809035,2.168194639,1,1,1
0.344962832,0.315277253,2.393395039,,,1
0.170377671,1.571483766,0.986435762,,1,1
1.384811957,0.635293268,2.327461489,1,1,1
0.084579754,0.298589522,3.621586153,,,1
0.393185908,1.402852289,1.477820865,,1,1
0.507476328,0.766160035,2.284514974,1,1,1
0.342238072,0.335511674,0.543375765,,,
0.667403693,0.963579099,1.091644042,1,1,1
0.196703481,0.149786309,1.806198844,,,1
0.176630533,0.301491598,3.402737906,,,1
1.142714637,0.47476679,1.9205593,1,1,1
0.282728841,0.183280496,1.397046082,,,1
0.617580236,0.674913382,2.177335341,1,1,1
,,,,,
1.92798264,0.420820262,1.674684714,1,,1
1.378003646,0.269535528,1.355266272,1,,1
0.351662743,0.175223013,0.706300712,,,1
0.867906573,0.470144298,3.080797307,1,1,1
0.062883688,0.235069059,1.032096092,,,1
,,,,,
,,,,,
1.317026556,0.337792576,0.78954097,1,,1
1.483947133,1.580624017,2.833251585,1,1,1
0.65184819,0.396853145,0.675991702,1,1,1
1.13119095,0.385030569,1.495094567,1,,1
0.208309279,0.936560083,0.726208465,,1,1
0.20927553,1.372725,0.721239762,,1,1
,,,,,
0.198687432,1.710201057,1.652176118,,1,1
0.796987884,0.316692548,2.675939592,1,1,1
,,,,,
,,,,,
,,,,,
0.200053992,0.290519922,0.757032892,,1,1
0.728268041,0.316322768,1.946050542,1,,1
0.575222959,0.531923804,1.434738681,1,1,1
0.883311459,0.529777078,2.252314443,1,1,1
0.369716925,0.482146937,1.373379508,,1,1
0.331461383,0.347148902,2.362529982,,,1
,,,,,
0.857635809,0.545880677,1.77504043,1,1,1
0.252641362,2.079421653,0.861119738,,1,1
,,,,,
0.335749371,0.173846463,0.686328279,,,1
0.135721041,0.18684674,1.064712884,,,1
0.452964752,0.415752813,2.709512202,1,1,1
1.011484689,0.496536397,0.769141725,1,1,1
0.31541893,0.301063576,0.645056071,1,1,1
0.172090902,0.434889997,1.00532513,,1,1
0.394288973,0.533143708,0.979807368,1,1,1
0.860871522,1.829036219,0.590877971,1,1,1
0.366005972,0.47792308,1.707856943,,1,1
,,,,,
0.392911349,0.70407063,1.123437858,,1,1
,,,,,
,,,,,
0.723166747,0.182292332,2.822246211,1,,1
0.389376294,0.283678434,1.235734434,,,1
0.727278986,0.32291776,0.988268384,1,,1
0.884338124,0.421736873,1.438395621,1,1,1
0.684178945,0.093699787,1.286730192,1,,1
,,,,,
0.300793218,0.263436215,0.657681507,,,1
0.482867427,0.402038291,0.520235611,1,,1
0.657014017,0.251378012,3.377973097,1,,1
0.391690723,0.844474751,1.022301712,,1,1
0.873457202,0.49833808,0.553048659,1,1,1
,,,,,
0.150542166,0.38543074,1.600023137,,1,1
0.671801789,0.362309967,1.337477371,1,,1
,,,,,
0.861895437,0.587667556,2.117954438,1,1,1
1.975672762,1.660303455,2.571268318,1,1,1
0.577973228,0.744133721,2.152385808,1,1,1
0.590074917,0.573182424,1.620270993,1,1,1
,,,,,
0.724125528,0.780146107,1.782034079,1,1,1
0.877430701,0.29464563,1.712622297,1,,1
,,,,,
0.181338296,0.372834568,2.088765321,,,1
0.165158934,0.129052418,0.810857223,,,1
,,,,,
0.708975239,0.491381817,1.035849658,1,,1
0.131176018,0.10724618,0.663844902,,,1
,,,,,
1.509221458,2.339506283,1.697314951,1,1,1
0.462786741,0.41639464,0.787097274,1,1,1
1.270129218,1.586994632,1.421528579,1,1,1
,,,,,
0.371781598,0.364625508,2.393026478,,,1
0.19851022,0.240429643,2.080640116,,,1
0.389299038,1.549128251,0.702562121,1,1,1
0.215260095,0.196583936,0.404439314,,,1
0.178478554,0.818228516,1.061498624,,1,1
1.331529516,1.508158196,3.260091576,1,1,1
0.643699335,0.574210794,1.845928953,1,1,1
0.890752157,0.248627468,1.007088861,1,,1
0.402188876,0.283799868,0.690147803,,,1
0.131470588,1.10323739,1.743516011,,1,1
,,,,,
,,,,,
,,,,,
,,,,,
,,,,,
,,,,,
,,,,,
,,,,,
,,,,,
,,,,,
,,,,,
,,,,,
,,,,,
,,,,,
,,,,,
,,,,,
,,,,,
,,,,,
,,,,,
,,,,,
,,,,,
,,,,,
,,,,,
,,,,,
,,,,,
,,,,,
,,,,,
,,,,,
,,,,,
,,,,,
,,,,,
,,,,,
,,,,,
,,,,,
,,,,,
,,,,,
,,,,,
,,,,,
,,,,,
,,,,,
,,,,,
,,,,,
,,,,,
,,,,,
,,,,,
,,,,,
,,,,,
,,,,,
,,,,,
0.284568094,0.244388173,0.592617866,,,1
0.263210128,0.446058476,0.932975113,,,1
0.572213861,0.502939471,-0.389249926,1,1,
0.946319631,0.383755836,0.663834752,1,,1
0.213523743,1.07711265,1.27014787,,1,1
0.199867319,0.221842468,1.409855639,,,1
0.468968274,0.385769422,0.877210588,1,1,1
,,,,,
0.190538467,0.933327768,1.019824814,,1,1
,,,,,
,,,,,
0.499455444,0.403068505,1.518985845,1,,1
1.163342044,0.335652264,1.206534714,1,,1
0.715458705,0.600864373,0.819224707,1,1,1
0.583168728,0.6756583,1.45464733,1,1,1
0.644219689,0.814169809,1.18259167,1,1,1
0.398536799,0.251584417,1.155789302,,,1
0.968189864,0.526646767,0.02832291,1,,
0.599383262,0.346143263,0.480184099,1,,
,,,,,
0.476843212,0.488209996,0.386770812,1,1,1
,,,,,
,,,,,
0.915693868,0.439718612,0.853407557,1,,1
,,,,,
,,,,,
0.746378746,0.61209591,0.271676761,1,,
0.580669697,0.155718811,0.169110366,1,,
3.023980815,0.899118674,0.791737393,1,1,1
0.477128465,0.451603383,1.475805947,1,1,1
1.01968517,0.530753597,0.837501334,1,1,1
1.062477578,2.019718571,0.137966841,1,1,
0.238055576,0.627383382,0.766022564,,1,1
0.821745014,0.199411137,2.16788519,1,,1
1.133320223,0.510275832,0.51286958,1,,
0.357957125,0.072066685,-0.016754162,,,
0.751288044,0.118255555,0.148986952,1,,
0.205965404,0.780091438,-0.145557572,,1,
,,,,,
,,,,,
,,,,,
,,,,,
0.743995384,0.598658813,0.23847846,1,1,
0.662674489,0.842076814,0.407878314,1,1,1
,,,,,
,,,,,
0.189542303,0.557458822,2.141157196,,1,1
0.64918157,0.28323056,0.282523781,1,,
,,,,,
0.609220214,0.84528847,1.368686441,1,1,1
,,,,,
,,,,,
,,,,,
,,,,,
0.744330775,0.38979887,1.45853325,1,1,1
,,,,,
0.252912943,0.283643314,2.278617736,,,1
,,,,,
0.57647096,0.369827182,0.308019681,,,
0.408706442,0.278941024,1.069574885,1,,1
0.762421644,0.172677333,0.159145777,1,,
,,,,,
,,,,,
0.284488189,0.423500956,1.430170574,,,1
1.545611398,1.222503239,0.368442094,1,1,
0.848717928,0.10851855,0.000853019,1,,
0.195565581,0.367585227,2.671978118,,1,1
0.972865306,0.105842614,-0.016191058,1,,
0.47509158,0.545204401,3.17318441,1,1,1
0.524231168,0.361535287,0.691172653,1,,1
0.676691349,0.406074891,0.069738696,1,1,
0.950157514,0.399190936,0.344055187,1,,
,,,,,
0.463997107,0.376276588,-0.082536794,,,
0.882323691,0.853860815,0.637268962,1,1,1
0.933668396,0.355473869,0.625694585,1,,1
0.829720239,0.2967574,0.680646949,1,,1
1.476546826,0.524584114,0.883347845,1,1,1
0.248145444,0.277146044,0.646259842,,,1
0.597744989,0.206746413,0.099901831,1,,
0.60209477,0.407252552,1.341094203,1,,1
0.598247492,0.272580174,1.137169011,1,,1
0.554304225,0.505677653,1.069596151,1,1,1
,,,,,
,,,,,
0.383615348,0.591319723,0.548990957,,1,1
1.050186428,0.46969019,0.600030506,1,,
,,,,,
,,,,,
0.544094745,0.798221082,0.231362902,1,1,
,,,,,
0.950749182,1.120149034,1.097131108,1,1,1
0.779121447,0.411730298,0.73314248,1,,1
,,,,,
,,,,,
1.104455909,0.316715969,0.311939836,1,,
,,,,,
0.602963847,0.455610991,0.364312444,1,,
,,,,,
1.300005959,0.604501604,0.597896695,1,,
,,,,,
0.580588243,0.456297834,0.78879711,1,1,1
0.522871602,1.121722152,1.480521914,1,1,1
1.317874472,0.218123509,0.407815292,1,,1
1.04230585,0.282217936,0.404231947,1,,
0.957546044,0.277584067,1.791352925,1,,1
,,,,,
0.65997469,0.575526722,1.084119766,1,1,1
0.93033848,0.550887823,0.780173547,1,1,1
0.773592849,0.796550605,0.414181514,1,1,1
,,,,,
,,,,,
,,,,,
,,,,,
0.849945522,0.593723774,0.827931819,1,1,1
2.326136385,1.568661506,-0.146721299,1,1,
,,,,,
,,,,,
0.737960537,0.241638008,1.393197759,1,,1
0.695669484,0.314655535,0.418675335,1,,1
0.682581681,0.266590045,0.304289327,1,,
0.558073716,0.497771246,2.266842512,1,1,1
1.085228206,0.122732243,1.052730777,1,,1
,,,,,
0.823041867,0.429525328,0.27064177,1,1,
0.70412475,0.429114491,1.430358417,1,,1
1.631840432,0.446585733,0.329180863,1,1,
0.776812871,0.162874958,0.953620137,1,,1
0.76002043,0.387581753,0.457072757,1,1,1
0.787933458,0.464242721,0.604558485,1,,1
0.726641566,0.354080932,0.171917378,1,1,
,,,,,
0.780806851,0.14911756,1.375697997,1,,1
,,,,,
1.176528424,0.222658317,0.544625289,1,,1
1.155346142,0.38696452,0.660715514,1,,1
,,,,,
2.434821272,0.442781106,0.984006171,1,,1
0.693770543,0.250914843,0.934392525,1,,1
0.665893504,0.377575127,1.852489955,1,,1
1.630020777,0.325291272,0.830414555,1,,1
0.653850979,0.624819348,1.052286966,1,1,1
,,,,,
,,,,,
0.92337551,0.548081096,0.160873934,1,1,
1.049177871,0.208640212,0.135492376,1,,
1.619454387,0.290517515,0.139976013,1,,
,,,,,
0.815708876,0.628077356,0.857659479,1,,1
,,,,,
0.694637658,0.376405999,0.738983112,1,,1
1.026489419,0.506725563,0.125055819,1,,
