 ,Area1,Mean1,Min1,Max1,Area2,Mean2,Min2,Max2,Area3,Mean3,Min3,Max3
1,32,131.688,90,211,225,147.644,57,365,208,131.298,66,355
2,32,124.031,82,179,225,148.093,61,366,208,131.005,62,360
3,32,126.500,89,177,225,147.609,58,391,208,130.572,63,323
4,32,127.781,91,191,225,146.836,58,366,208,129.038,63,305
5,32,128.469,87,200,225,148.276,62,384,208,127.274,62,309
6,32,124.781,78,190,225,148.258,62,357,208,127.769,67,309
7,32,128.344,86,171,225,146.924,48,371,208,128.673,62,270
8,32,127.688,75,196,225,145.933,55,371,208,128.159,56,296
9,32,125.312,82,170,225,145.204,51,352,208,127.255,56,283
10,32,128.469,90,169,225,147.049,55,364,208,126.548,66,292
11,32,124.719,87,177,225,146.702,59,372,208,126.490,67,265
12,32,123.062,75,175,225,145.196,52,363,208,126.466,52,262
13,32,127.000,77,178,225,144.787,66,375,208,126.587,63,272
14,32,123.719,76,190,225,145.387,52,357,208,126.288,65,257
15,32,122.656,83,176,225,144.889,61,381,208,125.462,61,257
16,32,127.156,80,174,225,145.200,54,371,208,126.990,62,243
17,32,125.406,86,177,225,144.840,49,372,208,125.875,64,273
18,32,123.156,91,178,225,145.151,56,360,208,126.264,56,261
19,32,125.031,84,173,225,146.138,56,363,208,127.495,67,264
20,32,124.406,74,178,225,145.480,59,363,208,125.572,63,257
21,32,125.062,83,179,225,144.089,64,342,208,124.851,57,249
22,32,124.750,84,186,225,144.222,56,350,208,124.423,62,248
23,32,122.312,85,159,225,144.067,53,350,208,125.832,64,256
24,32,123.781,88,185,225,144.796,55,353,208,125.909,66,241
25,32,122.844,71,175,225,146.013,53,395,208,123.788,59,258
26,32,121.531,81,170,225,143.560,55,406,208,124.875,63,250
27,32,125.969,80,188,225,143.827,60,393,208,125.471,59,244
28,32,121.562,78,161,225,144.036,53,366,208,123.942,65,255
29,32,121.156,81,171,225,143.773,57,380,208,124.702,63,238
30,32,122.500,76,167,225,142.009,52,380,208,122.899,70,237
31,32,120.594,69,158,225,144.120,58,370,208,123.572,54,247
32,32,121.656,78,171,225,143.867,54,354,208,125.361,62,260
33,32,121.000,82,172,225,143.898,49,368,208,124.981,62,244
34,32,119.438,80,171,225,143.956,57,372,208,123.832,59,259
35,32,124.781,87,171,225,144.093,57,364,208,124.452,63,227
36,32,123.344,77,174,225,142.991,51,366,208,124.803,66,253
37,32,121.094,79,172,225,142.124,59,341,208,124.231,61,229
38,32,121.656,79,168,225,143.244,59,357,208,122.524,55,240
39,32,123.531,73,166,225,142.444,60,354,208,122.587,56,251
40,32,120.312,78,175,225,142.884,50,358,208,121.567,68,251
41,32,121.406,79,158,225,140.898,55,346,208,123.966,58,241
42,32,123.406,91,180,225,142.284,55,351,208,123.274,66,245
43,32,120.688,73,158,225,143.036,60,353,208,122.351,65,246
44,32,120.250,78,173,225,142.796,57,347,208,123.899,59,232
45,32,121.625,76,165,225,142.369,59,360,208,123.236,57,249
46,32,118.750,85,166,225,143.009,51,362,208,122.976,56,238
47,32,116.750,84,167,225,142.316,46,341,208,123.111,63,234
48,32,118.062,84,174,225,141.573,55,346,208,121.534,65,220
49,32,119.219,80,161,225,142.298,61,345,208,121.000,53,257
50,32,115.750,82,167,225,142.249,50,351,208,122.572,68,232
51,32,119.594,86,163,225,141.778,55,356,208,121.918,58,233
52,32,118.688,78,153,225,141.507,57,359,208,121.534,61,238
53,32,121.031,72,170,225,141.422,60,358,208,122.077,54,255
54,32,119.531,77,164,225,141.831,53,354,208,121.803,59,229
55,32,119.062,92,153,225,143.351,51,347,208,121.505,63,235
56,32,119.812,77,167,225,139.987,55,338,208,122.380,58,246
57,32,119.062,77,167,225,140.547,60,336,208,121.764,58,231
58,32,115.000,78,151,225,141.533,62,335,208,120.298,56,217
59,32,116.750,74,154,225,140.107,52,331,208,122.798,58,250
60,32,118.844,80,167,225,140.631,57,341,208,121.442,66,234
61,32,121.000,70,163,225,141.782,59,367,208,121.067,66,225
62,32,119.250,88,161,225,141.258,59,343,208,123.380,63,240
63,32,121.719,79,158,225,141.324,52,345,208,121.024,63,236
64,32,120.406,80,171,225,141.791,57,347,208,120.947,61,239
65,32,118.281,81,162,225,141.742,54,344,208,121.202,61,224
66,32,116.688,80,166,225,142.413,61,355,208,121.341,62,238
67,32,117.281,68,168,225,140.613,51,363,208,121.106,59,224
68,32,117.594,85,167,225,142.649,58,333,208,122.029,53,262
69,32,120.969,87,165,225,141.511,54,353,208,122.139,67,248
70,32,117.562,85,154,225,141.636,59,341,208,120.471,59,249
71,32,116.344,75,159,225,143.338,48,361,208,121.745,63,248
72,32,115.750,78,186,225,141.209,60,337,208,122.312,61,228
73,32,118.500,86,158,225,141.836,59,331,208,121.774,61,224
74,32,116.281,70,159,225,141.676,58,328,208,122.048,59,232
75,32,116.062,77,147,225,140.484,57,352,208,121.361,54,231
76,32,117.031,73,171,225,140.947,64,322,208,121.683,62,244
77,32,116.812,80,166,225,140.636,56,371,208,121.514,64,223
78,32,117.375,84,155,225,140.724,63,340,208,122.264,60,236
79,32,118.062,76,165,225,140.022,54,334,208,120.721,64,220
80,32,117.969,84,165,225,141.462,68,360,208,120.183,62,219
81,32,116.906,74,186,225,139.876,53,319,208,121.413,58,227
82,32,117.656,81,170,225,141.453,61,340,208,120.620,62,218
83,32,114.812,76,161,225,140.613,48,347,208,120.346,64,234
84,32,114.094,82,162,225,141.551,58,322,208,120.673,58,245
85,32,115.594,77,156,225,140.831,57,349,208,120.745,65,221
86,32,115.844,87,170,225,140.484,59,346,208,120.683,55,229
87,32,116.594,81,156,225,142.493,60,342,208,120.716,69,242
88,32,118.969,89,169,225,141.293,57,353,208,120.312,64,218
89,32,114.281,79,164,225,140.564,60,338,208,120.803,58,220
90,32,117.375,72,164,225,139.960,57,327,208,119.505,59,222
91,32,114.156,82,155,225,140.858,58,334,208,118.346,60,216
92,32,118.562,84,156,225,141.764,54,364,208,119.962,59,234
93,32,116.406,80,156,225,140.804,55,337,208,120.077,61,241
94,32,116.156,87,154,225,139.276,56,343,208,120.332,59,232
95,32,114.281,74,150,225,140.831,56,339,208,119.577,65,241
96,32,115.406,75,161,225,140.364,61,345,208,119.404,63,213
97,32,113.938,77,157,225,140.102,53,359,208,120.014,62,224
98,32,115.688,76,157,225,141.400,58,335,208,119.538,61,227
99,32,110.656,72,154,225,141.044,66,334,208,119.365,56,212
100,32,113.906,78,150,225,141.058,55,339,208,118.510,62,223
101,32,114.031,83,165,225,139.747,53,350,208,119.346,63,233
102,32,115.406,72,155,225,139.667,58,328,208,118.938,59,222
103,32,115.719,73,159,225,141.640,57,344,208,119.904,63,226
104,32,114.250,86,162,225,141.196,59,337,208,119.418,65,221
105,32,113.094,78,149,225,140.129,60,332,208,119.341,58,231
106,32,114.750,81,162,225,140.027,58,361,208,121.380,58,235
107,32,111.406,77,150,225,138.662,53,340,208,117.942,60,227
108,32,112.250,69,161,225,139.542,51,351,208,118.865,58,221
109,32,113.219,76,159,225,138.831,63,362,208,118.798,61,217
110,32,117.875,80,167,225,140.631,52,335,208,119.207,60,218
111,32,112.625,78,163,225,139.356,56,312,208,117.538,60,231
112,32,114.938,81,157,225,139.991,48,344,208,118.611,66,223
113,32,114.062,81,143,225,138.747,62,343,208,119.236,59,235
114,32,115.688,75,158,225,138.244,58,328,208,119.567,56,208
115,32,114.875,78,146,225,139.093,58,345,208,120.101,65,231
116,32,114.719,84,168,225,139.107,55,332,208,120.543,61,237
117,32,114.594,78,157,225,139.173,53,342,208,119.043,59,227
118,32,113.844,79,144,225,139.431,56,344,208,119.490,55,218
119,32,118.156,74,170,225,138.609,50,329,208,118.769,64,216
120,32,114.562,86,153,225,138.969,47,358,208,120.038,61,229
121,32,112.312,81,166,225,139.560,60,334,208,119.303,57,225
122,32,115.625,81,163,225,138.653,56,354,208,118.644,64,220
123,32,112.406,79,161,225,138.378,47,329,208,119.760,67,227
124,32,115.250,89,151,225,138.027,60,321,208,119.827,69,232
125,32,113.031,84,158,225,139.182,52,338,208,120.885,61,220
126,32,115.219,81,164,225,137.676,56,322,208,119.019,64,228
127,32,114.656,71,152,225,137.320,56,333,208,121.548,65,233
128,32,112.281,75,157,225,137.658,58,332,208,118.788,60,225
129,32,114.156,79,163,225,139.316,61,326,208,119.490,62,211
130,32,112.750,77,153,225,139.969,55,352,208,119.683,64,226
131,32,113.719,86,154,225,138.591,49,339,208,119.250,59,215
132,32,115.594,80,164,225,138.778,55,303,208,120.466,63,220
133,32,115.219,89,167,225,138.013,56,341,208,119.803,66,219
134,32,117.125,83,159,225,143.467,60,333,208,125.014,62,244
135,32,116.781,79,184,225,147.622,64,363,208,128.841,63,238
136,32,114.219,82,177,225,147.293,58,364,208,129.764,57,246
137,32,112.969,79,164,225,145.404,62,370,208,126.519,60,229
138,32,114.969,74,185,225,143.933,60,345,208,125.120,68,220
139,32,113.094,73,156,225,143.213,63,383,208,124.673,60,219
140,32,114.469,82,159,225,140.684,60,343,208,123.510,64,222
141,32,113.312,77,155,225,140.293,57,343,208,120.827,56,222
142,32,112.875,82,157,225,140.360,61,348,208,120.207,61,224
143,32,114.844,74,167,225,140.249,52,346,208,119.380,61,229
144,32,112.188,81,163,225,139.982,61,356,208,118.841,65,217
145,32,113.938,76,157,225,140.138,61,334,208,117.322,58,238
146,32,115.844,84,185,225,138.440,48,353,208,118.861,59,222
147,32,113.281,83,161,225,138.622,52,315,208,118.620,58,241
148,32,114.531,74,158,225,140.142,52,311,208,117.942,60,213
149,32,114.312,74,181,225,139.240,54,320,208,119.010,64,220
150,32,114.281,73,171,225,138.076,59,330,208,119.322,63,219
151,32,114.031,74,160,225,138.964,51,339,208,117.587,56,222
152,32,113.531,76,167,225,136.600,51,331,208,118.990,54,219
153,32,113.719,76,163,225,137.858,53,333,208,119.139,59,226
154,32,113.000,78,178,225,137.960,51,334,208,117.827,51,221
155,32,112.688,71,165,225,137.556,56,341,208,117.913,67,228
156,32,113.656,73,149,225,137.747,59,322,208,118.495,62,214
157,32,114.094,72,183,225,137.160,60,336,208,117.072,61,227
158,32,113.344,78,159,225,137.747,53,309,208,118.356,62,226
159,32,111.250,78,151,225,137.756,53,330,208,117.553,63,214
160,32,113.062,72,152,225,138.178,60,341,208,116.913,60,216
161,32,113.625,79,152,225,137.067,59,353,208,116.630,61,215
162,32,112.156,84,167,225,138.333,56,346,208,117.394,58,227
163,32,113.062,75,166,225,139.409,55,339,208,117.995,58,222
164,32,112.625,85,157,225,136.916,63,333,208,118.250,54,205
165,32,112.500,81,164,225,136.907,59,328,208,117.361,60,209
166,32,110.250,79,149,225,138.071,57,333,208,119.024,55,217
167,32,110.719,72,156,225,137.516,54,324,208,116.683,62,209
168,32,110.812,66,167,225,136.787,61,317,208,118.168,61,225
169,32,112.438,76,166,225,136.271,56,331,208,117.856,63,223
170,32,110.375,74,161,225,136.951,59,314,208,117.072,59,213
171,32,109.031,70,168,225,136.507,48,318,208,117.615,61,221
172,32,111.938,79,175,225,137.200,55,328,208,117.312,58,225
173,32,111.875,76,174,225,139.449,56,327,208,118.188,63,217
174,32,112.469,72,164,225,138.369,56,332,208,118.630,63,228
175,32,110.719,81,152,225,138.058,61,321,208,117.538,62,212
176,32,113.906,79,174,225,138.253,54,348,208,118.399,67,216
177,32,109.781,79,159,225,138.138,61,330,208,117.832,62,221
178,32,111.000,75,158,225,138.849,56,353,208,117.096,59,218
179,32,113.969,75,166,225,139.684,55,374,208,116.716,61,218
180,32,110.625,79,158,225,137.738,58,322,208,118.413,62,224
181,32,110.281,73,170,225,138.431,63,323,208,117.236,60,216
182,32,113.875,74,159,225,137.453,53,317,208,117.635,64,214
183,32,109.375,80,157,225,136.956,58,324,208,117.303,59,227
184,32,111.281,84,151,225,138.160,59,340,208,117.591,64,229
185,32,109.406,73,157,225,138.471,63,320,208,117.558,63,235
186,32,111.000,70,148,225,137.809,48,318,208,117.452,59,244
187,32,109.031,78,155,225,137.902,59,312,208,118.111,59,232
188,32,109.031,78,147,225,137.213,51,343,208,117.846,58,258
189,32,109.906,82,160,225,136.222,54,322,208,117.163,58,246
190,32,108.031,78,144,225,137.644,56,319,208,118.462,53,266
191,32,110.250,80,159,225,138.227,58,343,208,117.683,62,249
192,32,110.562,86,141,225,137.404,56,306,208,116.894,61,246
193,32,112.719,78,159,225,138.169,59,324,208,118.428,61,249
194,32,112.188,74,162,225,141.458,50,341,208,122.010,60,245
195,32,111.094,77,154,225,146.360,57,368,208,128.822,67,253
196,32,110.250,85,162,225,145.529,57,339,208,130.062,62,284
197,32,112.469,71,161,225,145.382,57,386,208,126.702,64,266
198,32,111.406,74,163,225,145.991,60,361,208,126.115,64,268
199,32,113.406,79,148,225,143.609,56,342,208,124.668,67,302
200,32,111.500,81,154,225,143.071,58,337,208,122.293,67,260
201,32,111.062,80,164,225,143.267,61,373,208,122.207,63,290
202,32,111.344,76,177,225,141.636,57,334,208,120.130,64,264
203,32,110.750,74,149,225,140.102,62,329,208,119.966,64,253
204,32,110.875,80,163,225,140.573,58,327,208,119.019,59,270
205,32,109.312,72,142,225,139.329,55,322,208,120.207,61,245
206,32,109.469,71,151,225,139.827,47,345,208,119.928,63,288
207,32,114.000,85,150,225,139.564,54,339,208,119.067,59,263
208,32,107.031,75,146,225,138.951,63,326,208,119.062,58,297
209,32,109.812,70,143,225,138.551,55,304,208,118.370,61,347
210,32,109.531,66,143,225,138.467,53,317,208,119.168,63,345
211,32,111.375,80,168,225,138.129,57,312,208,119.043,57,356
212,32,108.500,75,165,225,137.160,49,316,208,120.115,59,337
213,32,109.344,73,152,225,137.453,53,335,208,119.635,62,349
214,32,110.188,74,148,225,138.453,67,339,208,118.928,57,337
215,32,112.344,82,168,225,136.147,60,297,208,119.337,56,343
216,32,108.688,80,158,225,137.676,52,316,208,120.726,58,314
217,32,109.312,74,152,225,136.671,62,313,208,119.260,61,336
218,32,112.344,79,147,225,135.978,59,316,208,117.716,64,309
219,32,110.281,79,151,225,137.542,59,329,208,118.923,61,315
220,32,109.562,71,159,225,136.440,65,329,208,117.822,59,288
221,32,111.281,88,160,225,137.116,58,302,208,118.024,57,264
222,32,108.656,80,138,225,136.716,55,320,208,117.803,58,265
223,32,110.469,77,165,225,135.942,58,309,208,117.038,59,224
224,32,110.938,73,148,225,135.738,53,318,208,116.240,65,221
225,32,110.250,81,154,225,136.120,55,321,208,117.380,56,215
226,32,107.812,77,149,225,135.529,60,316,208,116.029,58,208
227,32,110.719,78,153,225,135.836,57,335,208,116.697,59,239
228,32,109.531,77,153,225,135.569,53,320,208,115.168,56,226
229,32,114.344,81,154,225,136.244,61,309,208,116.745,61,234
230,32,109.250,74,156,225,136.289,61,315,208,116.534,61,232
231,32,108.719,73,143,225,135.787,59,335,208,117.163,67,222
232,32,110.156,86,147,225,135.969,55,329,208,115.404,60,245
233,32,113.812,84,148,225,136.587,57,316,208,114.904,58,220
234,32,111.219,75,152,225,135.178,61,310,208,115.048,57,213
235,32,106.656,72,143,225,136.907,58,345,208,115.231,56,224
236,32,112.062,77,151,225,136.267,54,304,208,116.303,57,223
237,32,111.375,77,163,225,136.902,58,289,208,116.447,60,217
238,32,109.031,73,173,225,137.840,56,338,208,116.154,68,218
239,32,111.750,72,161,225,135.880,53,323,208,117.034,59,257
240,32,110.281,78,166,225,135.809,58,330,208,116.620,62,212
241,32,110.781,77,159,225,135.791,60,312,208,115.928,55,221
242,32,109.375,74,160,225,136.680,57,295,208,116.159,59,220
243,32,109.156,79,145,225,136.609,60,304,208,116.952,61,220
244,32,107.562,68,158,225,137.222,60,324,208,116.337,60,224
245,32,113.219,72,157,225,135.476,58,345,208,117.308,57,219
246,32,109.531,74,168,225,135.493,59,310,208,116.688,62,219
247,32,110.875,76,153,225,136.773,57,326,208,116.442,64,224
248,32,109.969,75,167,225,135.720,53,300,208,116.495,58,224
249,32,112.125,76,174,225,137.160,56,331,208,116.558,56,213
250,32,109.844,73,166,225,135.849,58,317,208,116.096,58,217
251,32,110.219,74,178,225,135.191,57,316,208,117.683,68,241
252,32,113.812,79,177,225,136.560,59,330,208,116.832,56,228
253,32,111.469,70,167,225,135.196,59,322,208,117.255,64,224
254,32,113.625,74,157,225,138.062,54,328,208,120.755,57,231
255,32,112.781,78,157,225,143.209,58,351,208,126.731,57,241
256,32,113.156,76,153,225,143.702,60,355,208,126.846,66,234
257,32,111.500,76,157,225,141.467,56,348,208,126.264,65,224
258,32,111.625,81,157,225,141.293,60,336,208,124.034,62,236
259,32,111.938,80,146,225,139.520,60,340,208,123.938,60,230
260,32,109.125,79,161,225,139.427,57,328,208,121.846,58,219
261,32,109.969,75,150,225,138.129,57,349,208,121.712,66,228
262,32,110.375,68,165,225,137.893,52,330,208,121.332,59,225
263,32,111.125,77,166,225,136.396,56,311,208,120.481,67,229
264,32,113.156,77,171,225,137.267,62,320,208,119.553,62,239
265,32,111.594,83,167,225,136.404,52,320,208,119.505,55,234
266,32,109.594,80,150,225,136.413,54,334,208,119.918,59,224
267,32,113.000,81,197,225,135.880,58,320,208,119.010,63,230
268,32,112.656,83,162,225,135.942,54,292,208,118.986,57,230
269,32,107.719,76,172,225,136.827,56,336,208,118.096,59,242
270,32,111.344,82,160,225,135.391,58,313,208,117.365,62,222
271,32,111.875,78,168,225,135.676,52,330,208,117.630,53,213
272,32,108.000,69,170,225,135.436,60,295,208,116.361,62,224
273,32,110.438,78,172,225,135.924,55,320,208,117.678,57,228
274,32,108.281,77,158,225,136.027,57,288,208,117.957,64,239
275,32,107.438,71,179,225,134.316,63,302,208,116.053,61,229
276,32,110.688,71,166,225,135.898,59,299,208,116.654,55,228
277,32,107.094,67,152,225,135.316,58,317,208,117.562,58,242
278,32,112.062,80,176,225,133.769,56,315,208,116.125,62,240
279,32,107.094,77,161,225,133.951,57,294,208,116.889,59,239
280,32,107.281,84,179,225,134.302,49,306,208,116.048,65,233
281,32,107.875,79,154,225,133.524,57,290,208,115.500,62,218
282,32,107.844,72,151,225,133.156,57,294,208,116.024,58,227
283,32,107.344,74,154,225,135.107,59,312,208,116.812,53,229
284,32,111.406,77,163,225,135.778,49,312,208,116.591,57,219
285,32,107.188,74,159,225,135.356,58,320,208,116.048,62,239
286,32,105.750,73,160,225,132.964,54,298,208,116.611,57,210
287,32,107.344,72,160,225,134.924,61,317,208,116.822,62,229
288,32,107.469,84,152,225,133.960,52,331,208,117.269,56,224
289,32,109.438,86,156,225,133.498,57,305,208,115.817,57,223
290,32,108.906,83,146,225,135.880,58,299,208,117.462,59,235
291,32,108.812,78,157,225,134.782,57,291,208,117.490,61,227
292,32,107.750,79,150,225,134.911,58,320,208,117.120,58,225
293,32,107.844,73,153,225,133.978,55,294,208,118.111,61,224
294,32,104.031,75,154,225,134.653,61,311,208,115.668,58,226
295,32,109.656,74,153,225,135.507,58,323,208,115.933,57,235
296,32,107.969,81,161,225,134.849,61,328,208,116.111,62,233
297,32,107.750,70,145,225,134.800,55,321,208,116.827,57,237
298,32,107.781,80,156,225,134.773,63,332,208,116.611,64,229
299,32,110.375,73,174,225,133.587,52,320,208,115.611,64,223
300,32,106.531,76,144,225,134.902,55,314,208,115.904,64,213
301,32,109.062,76,160,225,134.151,58,306,208,114.524,62,238
302,32,104.562,68,154,225,134.493,52,310,208,116.505,56,232
303,32,109.188,73,159,225,133.796,61,312,208,116.500,54,226
304,32,109.156,72,158,225,134.836,59,320,208,116.471,62,230
305,32,109.188,72,148,225,134.618,52,287,208,116.293,65,265
306,32,109.156,77,168,225,134.129,57,310,208,116.096,63,239
307,32,107.938,73,144,225,134.969,56,293,208,116.500,63,235
308,32,109.906,87,169,225,134.356,58,316,208,116.337,63,237
309,32,110.719,77,150,225,133.773,61,312,208,116.447,64,238
310,32,107.406,72,166,225,132.573,58,313,208,117.365,60,235
311,32,104.500,71,157,225,133.129,57,303,208,116.769,63,248
312,32,109.031,83,160,225,133.276,53,317,208,116.538,65,240
313,32,108.500,72,162,225,133.178,55,298,208,115.793,64,226
314,32,107.188,77,159,225,134.693,55,290,208,118.673,65,244
315,32,106.500,74,150,225,138.062,57,326,208,124.942,64,249
316,32,107.531,77,157,225,137.969,60,314,208,125.837,67,247
317,32,107.469,77,161,225,138.391,61,334,208,125.558,64,248
318,32,106.656,74,161,225,137.498,58,330,208,123.260,69,242
319,32,104.938,76,148,225,137.044,59,322,208,122.293,69,250
320,32,107.375,78,165,225,134.871,62,323,208,121.567,64,235
321,32,108.531,86,137,225,134.760,56,315,208,118.308,64,227
322,32,112.562,81,161,225,134.609,61,319,208,118.096,60,231
323,32,109.594,73,151,225,133.004,59,318,208,117.207,61,219
324,32,107.344,71,149,225,134.222,59,301,208,116.543,65,247
325,32,107.719,75,152,225,134.236,52,329,208,116.846,57,230
326,32,105.406,69,164,225,135.000,61,308,208,116.389,64,208
327,32,104.312,74,147,225,134.587,60,304,208,115.183,63,215
328,32,107.000,74,165,225,134.062,56,316,208,114.832,61,223
329,32,111.562,69,158,225,132.413,60,294,208,115.822,63,210
330,32,108.656,76,177,225,133.853,64,291,208,116.817,60,238
331,32,107.875,71,156,225,134.076,53,318,208,114.495,59,223
332,32,104.844,74,138,225,132.742,55,317,208,114.139,59,206
333,32,107.656,73,143,225,134.360,55,305,208,113.913,64,210
334,32,104.531,75,141,225,132.578,56,307,208,114.990,61,219
335,32,105.438,73,171,225,131.636,53,311,208,113.841,57,227
336,32,106.781,69,163,225,133.867,61,327,208,115.543,58,227
337,32,108.531,71,160,225,133.369,54,315,208,115.798,56,236
338,32,108.344,76,162,225,132.844,64,302,208,115.399,63,232
339,32,108.531,78,160,225,133.067,55,308,208,114.543,59,231
340,32,105.969,79,144,225,133.169,55,300,208,114.553,60,226
341,32,109.531,76,175,225,133.947,54,317,208,114.101,57,260
342,32,104.594,71,146,225,133.524,52,305,208,114.178,60,215
343,32,110.094,68,147,225,134.076,56,305,208,113.226,59,226
344,32,107.000,79,142,225,134.493,59,321,208,114.683,60,224
345,32,105.531,69,148,225,132.818,59,295,208,113.803,55,231
346,32,108.469,77,158,225,133.444,56,304,208,114.115,59,226
347,32,104.688,71,145,225,134.076,57,299,208,115.337,57,213
348,32,109.969,81,147,225,133.973,60,321,208,115.192,64,210
349,32,107.469,79,162,225,133.858,54,303,208,115.995,62,220
350,32,106.562,73,143,225,134.987,58,296,208,113.918,60,229
351,32,107.594,80,136,225,134.653,55,311,208,114.178,59,238
352,32,107.250,70,145,225,133.716,58,308,208,116.250,59,239
353,32,107.000,77,153,225,132.924,56,301,208,113.986,49,237
354,32,106.312,72,165,225,134.280,60,307,208,114.832,60,235
355,32,106.531,67,153,225,133.364,52,290,208,114.510,58,225
356,32,107.750,63,148,225,132.111,57,322,208,114.659,61,221
357,32,107.156,79,152,225,134.093,57,324,208,114.293,62,210
358,32,108.812,74,173,225,132.778,61,274,208,114.808,62,224
359,32,107.469,77,164,225,133.373,63,319,208,113.678,63,232
360,32,107.906,77,142,225,134.489,58,305,208,114.990,63,220
361,32,107.688,69,154,225,135.098,52,315,208,114.740,59,235
362,32,104.688,75,143,225,134.800,51,316,208,113.952,58,222
363,32,105.531,72,148,225,134.587,52,316,208,114.144,63,224
364,32,103.875,82,158,225,133.369,61,304,208,114.293,61,213
365,32,104.969,78,152,225,134.418,58,288,208,114.067,57,208
366,32,103.000,74,149,225,133.316,52,305,208,114.476,59,235
367,32,104.094,71,145,225,135.476,53,303,208,113.837,60,223
368,32,106.062,73,159,225,135.831,60,301,208,114.038,55,222
369,32,107.938,74,166,225,134.756,57,307,208,114.808,63,227
370,32,107.719,69,163,225,134.311,58,301,208,113.264,59,222
371,32,107.219,79,151,225,133.769,50,297,208,114.341,59,225
372,32,108.625,71,164,225,132.453,52,330,208,114.644,60,208
373,32,108.125,79,165,225,132.898,60,315,208,115.481,58,223
374,32,106.344,75,141,225,135.627,51,318,208,115.784,55,238
375,32,110.938,80,164,225,136.382,52,298,208,121.514,63,248
376,32,109.188,81,161,225,137.867,59,336,208,123.212,57,229
377,32,107.438,71,161,225,136.996,56,311,208,121.885,62,244
378,32,108.281,75,154,225,136.484,57,310,208,119.798,61,245
379,32,106.719,77,154,225,136.929,56,311,208,118.269,56,218
380,32,109.125,79,145,225,135.560,63,307,208,117.413,49,220
381,32,107.031,71,167,225,135.244,58,313,208,118.221,57,235
382,32,105.656,63,158,225,133.587,54,280,208,117.327,57,221
383,32,108.906,66,155,225,132.951,58,307,208,115.519,61,243
384,32,106.625,65,159,225,133.702,57,297,208,113.909,59,221
385,32,106.438,69,137,225,133.427,55,281,208,114.726,55,230
386,32,104.688,80,152,225,132.556,55,315,208,114.635,60,213
387,32,108.156,79,153,225,133.653,61,293,208,114.808,59,214
388,32,106.062,72,155,225,132.849,55,278,208,114.096,60,226
389,32,104.062,72,148,225,132.840,58,313,208,115.130,56,242
390,32,106.562,72,145,225,133.142,61,272,208,113.861,60,217
391,32,104.344,76,148,225,132.907,63,290,208,113.615,58,233
392,32,105.156,76,150,225,132.813,51,295,208,113.957,57,232
393,32,102.625,60,156,225,132.831,53,303,208,114.755,54,236
394,32,102.500,73,150,225,132.569,60,299,208,113.913,57,208
395,32,107.562,75,186,225,132.182,57,285,208,114.620,58,238
396,32,104.719,72,162,225,131.729,61,296,208,113.692,59,215
397,32,104.812,63,171,225,131.791,59,334,208,114.130,59,216
398,32,106.688,70,181,225,131.969,64,297,208,114.851,56,227
399,32,106.438,70,168,225,133.040,63,286,208,114.562,61,214
400,32,106.062,77,186,225,131.316,62,290,208,114.678,58,228
401,32,107.562,72,194,225,133.436,60,279,208,114.856,60,211
402,32,109.375,63,179,225,132.951,56,301,208,115.014,58,225
403,32,106.000,73,175,225,131.653,56,285,208,114.889,55,224
404,32,107.062,70,197,225,132.369,59,300,208,115.221,57,229
405,32,108.531,66,176,225,131.209,49,278,208,113.745,61,230
406,32,105.250,72,179,225,131.907,61,294,208,114.750,61,239
407,32,104.750,75,159,225,131.764,53,304,208,114.841,55,235
408,32,109.562,72,165,225,132.796,44,299,208,113.649,58,218
409,32,104.250,68,162,225,132.729,62,318,208,115.173,65,233
410,32,105.500,70,166,225,132.596,56,310,208,114.361,58,224
411,32,104.656,70,140,225,132.493,54,285,208,114.452,55,237
412,32,107.219,80,151,225,134.360,53,309,208,113.731,61,250
413,32,106.719,69,171,225,131.716,57,283,208,114.188,55,229
414,32,106.469,63,155,225,131.373,56,270,208,113.875,60,226
415,32,103.719,67,146,225,131.600,57,315,208,114.601,60,215
416,32,108.156,70,161,225,132.049,58,268,208,114.106,61,234
417,32,104.250,61,158,225,132.658,58,294,208,115.236,66,230
418,32,105.250,66,160,225,131.404,60,313,208,114.365,60,221
419,32,105.656,76,158,225,131.956,59,275,208,113.904,59,245
420,32,104.406,75,135,225,132.849,57,289,208,114.894,58,272
421,32,105.219,71,144,225,132.564,60,288,208,114.808,58,311
422,32,106.438,75,163,225,131.871,59,294,208,114.510,60,304
423,32,107.688,75,148,225,132.902,53,292,208,115.322,61,355
424,32,106.094,71,159,225,133.022,55,282,208,116.106,57,342
425,32,104.094,76,160,225,132.511,58,290,208,116.288,63,351
426,32,107.219,74,164,225,132.680,55,281,208,115.769,62,359
427,32,105.656,65,151,225,132.236,59,254,208,115.740,62,361
428,32,105.625,71,147,225,131.729,56,296,208,115.870,55,375
429,32,103.938,66,140,225,132.342,63,309,208,114.380,59,374
430,32,105.656,70,149,225,132.476,60,307,208,115.312,63,386
431,32,106.062,70,147,225,132.111,59,281,208,115.361,56,384
432,32,108.375,75,159,225,132.836,59,285,208,115.014,59,358
433,32,106.250,75,144,225,132.164,59,286,208,115.337,58,369
434,32,104.125,71,141,225,132.636,61,312,208,114.856,58,374
435,32,105.688,66,159,225,133.627,55,294,208,121.577,55,375
436,32,107.656,68,157,225,135.449,60,298,208,125.274,62,363
437,32,107.125,74,147,225,135.751,64,321,208,124.274,60,367
438,32,107.906,75,156,225,136.289,59,320,208,122.562,61,349
439,32,110.219,77,164,225,135.382,59,329,208,120.779,60,342
440,32,105.750,66,153,225,135.649,57,311,208,119.899,62,363
441,32,102.031,68,143,225,134.533,61,327,208,118.159,59,360
442,32,103.812,74,138,225,134.680,59,323,208,117.894,60,359
443,32,104.594,83,154,225,134.098,53,304,208,117.995,58,373
444,32,104.125,74,148,225,133.676,60,313,208,117.572,56,386
445,32,102.562,67,139,225,134.271,57,304,208,116.995,62,369
446,32,105.719,74,155,225,133.342,58,315,208,116.861,58,385
447,32,108.844,69,171,225,133.280,64,311,208,116.702,61,387
448,32,108.781,67,146,225,133.676,56,296,208,116.264,62,391
449,32,104.344,75,156,225,133.093,63,283,208,116.596,62,387
450,32,107.688,75,139,225,132.449,60,291,208,116.750,54,397
451,32,105.000,72,146,225,132.876,61,305,208,115.462,61,390
452,32,105.375,73,151,225,131.889,56,277,208,116.255,56,366
453,32,106.562,74,141,225,131.836,59,286,208,115.923,60,345
454,32,103.562,76,144,225,132.018,53,297,208,114.774,57,347
455,32,106.000,80,144,225,133.000,55,312,208,115.236,62,314
456,32,104.562,70,150,225,132.129,55,292,208,115.327,62,290
457,32,103.906,75,149,225,133.031,53,305,208,114.764,56,270
458,32,103.125,75,151,225,133.720,65,301,208,115.841,57,268
459,32,105.969,68,146,225,132.276,57,281,208,114.264,60,228
460,32,103.875,70,143,225,132.422,51,302,208,114.341,58,246
461,32,105.344,67,167,225,132.080,60,291,208,115.822,61,250
462,32,105.938,74,149,225,130.338,58,293,208,115.212,61,241
463,32,103.500,72,135,225,130.671,57,298,208,113.803,58,254
464,32,104.656,70,136,225,131.302,61,279,208,113.875,56,248
465,32,104.469,76,139,225,132.284,55,269,208,115.548,59,253
466,32,102.500,71,140,225,130.716,55,288,208,113.947,60,246
467,32,105.500,69,145,225,131.804,61,286,208,114.663,59,241
468,32,103.719,74,135,225,129.956,59,296,208,114.644,58,226
469,32,103.156,78,133,225,130.364,60,281,208,114.688,61,226
470,32,103.594,74,160,225,129.942,59,257,208,114.962,61,235
471,32,102.438,71,137,225,131.120,55,261,208,116.149,64,226
472,32,104.188,73,147,225,131.520,60,296,208,114.990,57,224
473,32,105.594,70,156,225,132.831,58,280,208,115.245,58,216
474,32,103.344,73,145,225,131.782,60,277,208,114.678,59,228
475,32,103.156,68,151,225,132.129,60,308,208,114.933,64,227
476,32,105.844,77,151,225,131.187,60,304,208,114.303,54,234
477,32,102.375,79,164,225,131.898,59,284,208,113.274,57,244
478,32,103.375,64,132,225,133.551,59,309,208,113.346,59,267
479,32,103.719,71,142,225,131.427,65,275,208,114.341,58,283
480,32,104.844,77,154,225,131.293,57,289,208,113.861,57,306
481,32,104.969,67,152,225,131.582,56,255,208,113.736,50,280
482,32,107.469,73,166,225,131.409,60,284,208,114.548,66,330
483,32,107.125,69,152,225,131.849,58,296,208,114.659,56,329
484,32,109.594,73,149,225,131.924,57,303,208,115.312,58,377
485,32,107.375,79,143,225,131.200,62,299,208,115.562,58,348
486,32,107.906,75,152,225,132.307,58,294,208,115.827,58,363
487,32,105.656,72,142,225,132.093,60,282,208,115.245,57,390
488,32,106.906,61,138,225,131.916,58,306,208,114.596,59,379
489,32,104.781,70,143,225,132.084,57,316,208,116.678,59,357
490,32,106.938,73,146,225,133.280,57,289,208,113.490,58,314
491,32,101.469,66,142,225,130.813,52,295,208,113.447,57,306
492,32,107.250,80,149,225,131.827,57,281,208,114.183,59,315
493,32,107.281,57,151,225,131.000,55,273,208,114.322,55,292
494,32,106.531,65,141,225,132.204,58,274,208,113.067,63,278
495,32,108.906,71,139,225,134.782,65,302,208,118.476,62,261
496,32,109.094,76,144,225,135.476,59,312,208,121.938,62,269
497,32,107.844,70,162,225,137.347,58,306,208,121.942,64,268
498,32,109.031,62,146,225,135.947,62,303,208,120.139,59,231
499,32,108.375,79,167,225,134.476,58,309,208,118.413,60,246
500,32,108.875,81,158,225,133.729,60,292,208,117.779,59,240
501,32,106.031,67,148,225,134.142,56,296,208,117.562,64,271
502,32,107.250,67,175,225,132.564,58,293,208,117.409,62,236
503,32,107.844,70,160,225,131.231,61,284,208,115.159,63,252
504,32,105.781,68,164,225,131.867,55,288,208,115.106,56,248
505,32,109.562,62,162,225,132.347,61,292,208,114.519,59,223
506,32,107.031,71,167,225,131.836,54,289,208,114.154,56,221
507,32,107.844,71,156,225,131.422,59,300,208,114.082,56,212
508,32,106.812,73,154,225,131.756,59,275,208,114.370,61,235
509,32,108.031,61,151,225,132.209,56,290,208,113.827,56,231
510,32,105.344,65,154,225,130.667,52,295,208,112.716,57,229
511,32,107.625,78,167,225,131.764,57,300,208,114.250,57,243
512,32,104.688,69,152,225,130.311,60,291,208,113.274,62,230
513,32,107.562,75,155,225,132.084,60,283,208,114.678,62,220
514,32,106.906,75,153,225,131.396,55,291,208,113.918,58,235
515,32,106.562,66,153,225,131.302,56,291,208,112.918,56,236
516,32,105.312,81,154,225,131.560,53,290,208,112.894,62,224
517,32,108.375,65,168,225,130.969,62,275,208,113.865,60,234
518,32,104.219,59,153,225,130.258,58,301,208,113.548,57,233
519,32,104.688,71,158,225,132.236,62,282,208,114.481,59,235
520,32,104.625,67,153,225,131.658,52,297,208,114.702,59,241
521,32,108.625,68,163,225,131.142,62,273,208,113.529,55,222
522,32,105.750,74,147,225,132.827,60,285,208,114.837,55,232
523,32,103.594,61,149,225,131.013,56,309,208,114.538,59,248
524,32,108.594,78,165,225,132.022,56,320,208,114.548,55,228
525,32,106.031,69,158,225,130.458,56,300,208,114.346,61,223
526,32,110.344,79,164,225,131.449,56,296,208,113.476,61,226
527,32,107.375,81,170,225,129.698,56,294,208,113.688,56,235
528,32,106.094,69,153,225,131.231,53,293,208,113.346,53,224
529,32,104.562,81,150,225,130.902,58,299,208,114.562,62,235
530,32,106.688,56,162,225,130.938,54,300,208,114.341,59,232
531,32,106.031,59,155,225,129.907,56,316,208,113.971,60,246
532,32,104.188,62,145,225,130.436,53,308,208,113.745,63,236
533,32,102.312,61,157,225,131.280,56,286,208,114.317,54,232
534,32,106.531,71,161,225,130.809,54,308,208,115.784,64,230
535,32,106.906,78,143,225,131.178,59,302,208,113.606,57,226
536,32,106.156,71,158,225,130.582,56,308,208,113.947,64,215
537,32,105.219,74,143,225,130.702,62,343,208,113.327,57,241
538,32,103.438,68,149,225,131.129,54,303,208,112.279,61,209
539,32,111.750,81,161,225,130.440,62,287,208,113.649,63,241
540,32,106.594,73,152,225,130.547,62,296,208,113.885,59,242
541,32,105.625,70,155,225,130.862,60,304,208,113.726,56,229
542,32,106.062,66,163,225,132.644,59,328,208,114.865,57,223
543,32,106.375,70,164,225,130.573,53,304,208,114.207,64,239
544,32,106.000,68,148,225,129.636,60,311,208,112.928,60,229
545,32,110.438,63,169,225,130.498,57,309,208,114.216,54,243
546,32,107.250,61,165,225,132.364,61,289,208,113.606,58,234
547,32,108.938,78,147,225,132.093,61,308,208,114.538,59,220
548,32,109.031,65,168,225,132.524,58,317,208,113.514,59,227
549,32,109.062,76,154,225,131.182,63,317,208,113.072,56,248
550,32,106.125,77,163,225,131.907,63,326,208,113.798,60,242
551,32,109.594,68,159,225,131.942,61,320,208,113.077,60,220
552,32,108.875,61,170,225,131.613,61,340,208,115.827,62,246
553,32,109.031,70,158,225,132.173,56,315,208,113.577,59,225
554,32,108.031,70,166,225,131.422,55,313,208,113.144,56,226
555,32,107.438,71,160,225,133.009,60,334,208,117.558,60,238
556,32,108.375,70,173,225,136.573,64,348,208,123.452,64,233
557,32,107.375,77,158,225,137.276,59,328,208,123.639,61,252
558,32,107.781,72,154,225,136.191,61,326,208,122.106,65,227
559,32,105.750,73,158,225,136.080,62,316,208,121.625,60,229
560,32,107.344,66,162,225,135.378,56,329,208,119.514,63,224
561,32,107.500,72,160,225,133.876,62,313,208,118.702,68,235
562,32,108.656,77,156,225,132.880,60,306,208,117.625,67,238
563,32,107.000,66,157,225,133.947,58,294,208,117.663,59,227
564,32,105.688,66,140,225,133.413,50,322,208,115.404,62,249
565,32,105.094,66,147,225,133.364,59,303,208,115.510,61,233
566,32,103.812,69,144,225,133.813,63,308,208,116.611,64,238
567,32,105.406,67,149,225,132.640,62,337,208,115.269,65,242
568,32,106.500,65,159,225,132.249,63,296,208,114.740,58,227
569,32,105.125,76,145,225,131.262,56,305,208,113.543,60,233
570,32,104.000,80,147,225,130.707,59,285,208,114.779,68,240
571,32,105.688,70,153,225,131.991,60,299,208,113.726,60,226
572,32,102.250,67,142,225,132.436,53,289,208,113.260,59,224
573,32,101.969,68,151,225,130.653,57,294,208,114.822,62,230
574,32,103.906,74,146,225,131.880,57,293,208,114.510,57,223
575,32,99.781,62,136,225,131.893,58,296,208,113.784,57,232
576,32,101.219,72,144,225,131.511,52,292,208,115.216,66,238
577,32,103.281,71,149,225,132.173,59,303,208,114.207,56,242
578,32,101.656,76,140,225,131.569,50,290,208,115.024,60,238
579,32,104.406,65,159,225,132.338,54,286,208,114.716,59,233
580,32,98.312,69,146,225,132.218,55,281,208,114.423,66,230
581,32,103.531,78,150,225,131.249,58,289,208,113.567,60,251
582,32,98.375,64,149,225,131.880,57,277,208,114.312,54,253
583,32,102.344,74,160,225,131.676,56,296,208,114.245,61,235
584,32,103.375,57,154,225,131.280,53,263,208,114.462,58,236
585,32,102.375,70,155,225,131.711,60,287,208,114.168,60,223
586,32,106.250,72,171,225,131.369,62,298,208,115.409,54,228
587,32,105.000,60,152,225,130.933,57,269,208,113.769,55,221
588,32,104.938,70,145,225,130.658,59,262,208,114.370,62,233
589,32,106.125,70,149,225,130.951,62,289,208,114.962,58,223
590,32,104.062,69,169,225,130.720,58,296,208,113.639,60,230
591,32,106.344,72,144,225,131.338,56,299,208,114.678,59,230
592,32,102.156,71,145,225,130.871,56,271,208,115.385,57,240
593,32,104.281,76,133,225,132.124,51,286,208,115.947,64,234
594,32,103.188,68,152,225,131.253,58,283,208,114.312,56,221
595,32,105.688,79,138,225,130.747,63,297,208,115.380,62,243
596,32,102.062,75,137,225,131.000,59,265,208,114.625,61,231
597,32,103.344,77,151,225,130.751,58,274,208,114.034,57,231
598,32,103.531,69,140,225,130.564,61,309,208,113.851,63,213
599,32,98.219,60,140,225,131.316,55,305,208,113.688,56,228
600,32,104.156,73,148,225,130.760,54,288,208,115.043,66,224
601,32,102.125,69,146,225,130.724,57,275,208,114.510,64,255
602,32,101.375,72,144,225,130.391,57,280,208,114.452,63,229
603,32,99.312,64,138,225,129.764,54,293,208,113.346,61,226
604,32,98.562,70,130,225,130.591,55,261,208,113.519,60,232
605,32,101.031,69,156,225,131.413,56,258,208,114.399,55,248
606,32,100.688,64,164,225,130.604,50,288,208,114.923,60,235
607,32,102.688,64,132,225,131.160,54,272,208,113.500,62,232
608,32,102.094,63,155,225,129.947,59,283,208,113.803,56,232
609,32,101.594,67,137,225,130.942,61,291,208,114.115,54,222
610,32,100.656,74,129,225,131.133,61,287,208,113.144,58,247
611,32,101.094,70,146,225,130.880,51,294,208,114.764,58,218
612,32,100.750,63,145,225,131.547,56,278,208,114.356,55,225
613,32,99.406,68,136,225,129.698,50,269,208,113.736,52,231
614,32,104.312,74,144,225,129.671,53,286,208,114.904,64,233
615,32,101.031,68,144,225,132.880,61,285,208,116.577,64,215
616,32,104.438,71,130,225,135.524,54,278,208,123.370,64,241
617,32,99.156,63,139,225,136.178,62,302,208,124.284,62,236
618,32,102.188,60,134,225,134.831,55,300,208,121.043,58,224
619,32,101.531,67,154,225,134.311,58,298,208,120.481,63,229
620,32,103.750,71,147,225,133.542,62,298,208,119.385,63,231
621,32,101.969,74,140,225,133.396,60,278,208,118.149,54,234
622,32,103.125,71,137,225,131.782,58,285,208,115.933,62,234
623,32,103.469,77,138,225,130.520,59,264,208,116.192,53,251
624,32,104.500,68,139,225,131.591,59,273,208,115.812,55,241
625,32,102.875,75,153,225,131.289,52,275,208,115.245,44,223
626,32,100.719,70,146,225,131.244,62,255,208,115.264,64,223
627,32,103.438,65,144,225,130.591,55,268,208,113.957,56,228
628,32,102.344,71,142,225,131.907,60,289,208,114.168,50,242
629,32,102.625,75,142,225,130.280,61,278,208,113.981,60,219
630,32,104.125,81,148,225,130.316,60,273,208,115.365,59,242
631,32,100.156,67,148,225,128.964,58,258,208,112.846,58,256
632,32,101.656,64,135,225,130.569,55,272,208,113.433,57,228
633,32,101.594,71,137,225,130.013,58,278,208,112.596,56,228
634,32,101.375,72,130,225,130.413,60,269,208,114.880,61,216
635,32,101.500,67,146,225,130.707,57,301,208,114.495,59,240
636,32,100.469,65,162,225,130.382,63,287,208,113.096,57,216
637,32,100.281,66,160,225,130.053,54,291,208,113.957,59,233
638,32,101.656,66,169,225,130.364,58,286,208,114.490,53,234
639,32,101.375,71,150,225,130.187,53,278,208,113.510,61,242
640,32,100.188,70,153,225,130.329,58,300,208,112.337,57,232
641,32,99.344,69,155,225,130.302,58,274,208,113.250,58,236
642,32,100.219,70,146,225,129.822,59,271,208,113.947,57,222
643,32,102.938,63,150,225,131.587,55,302,208,113.962,62,226
644,32,101.844,62,157,225,129.484,58,280,208,113.702,54,225
645,32,101.906,66,146,225,130.693,57,257,208,113.038,53,229
646,32,101.781,65,172,225,129.231,54,292,208,113.370,54,232
647,32,102.156,59,170,225,129.342,62,275,208,115.918,59,248
648,32,102.094,66,172,225,130.360,57,283,208,114.226,56,258
649,32,99.969,65,169,225,130.231,60,265,208,115.091,62,207
650,32,101.688,69,154,225,130.156,54,255,208,113.284,54,249
651,32,102.344,66,166,225,129.791,56,276,208,113.889,59,244
652,32,102.000,67,179,225,130.311,57,282,208,114.173,57,230
653,32,103.062,65,186,225,129.102,52,283,208,114.298,61,230
654,32,104.812,70,180,225,129.862,59,282,208,114.192,60,243
655,32,102.812,60,187,225,129.862,56,258,208,113.082,58,219
656,32,98.219,67,160,225,130.698,53,296,208,113.130,52,236
657,32,101.219,71,174,225,129.520,54,269,208,113.361,59,228
658,32,104.219,69,188,225,129.569,56,262,208,113.000,60,239
659,32,101.781,72,172,225,129.249,60,268,208,113.788,59,230
660,32,100.750,58,158,225,130.760,61,283,208,113.447,55,213
661,32,102.875,73,156,225,129.418,55,254,208,113.197,52,247
662,32,99.062,77,135,225,129.440,52,277,208,113.308,63,231
663,32,100.875,70,160,225,130.680,61,270,208,113.654,57,230
664,32,100.344,60,167,225,129.000,61,275,208,113.457,62,244
665,32,98.031,67,165,225,128.409,55,272,208,114.288,52,225
666,32,101.656,73,145,225,128.707,54,298,208,113.837,53,241
667,32,100.875,72,161,225,128.596,58,274,208,115.207,56,233
668,32,100.688,63,140,225,128.067,54,257,208,113.120,61,229
669,32,98.188,69,141,225,128.516,56,256,208,113.779,58,250
670,32,100.000,60,130,225,129.338,53,249,208,113.231,58,238
671,32,104.750,68,150,225,128.636,57,268,208,112.933,56,225
672,32,98.125,65,149,225,127.804,58,262,208,112.659,60,226
673,32,101.281,76,146,225,129.338,61,286,208,114.274,61,241
674,32,97.750,66,138,225,128.964,57,274,208,112.885,61,226
675,32,99.406,68,152,225,128.560,53,256,208,114.394,53,214
676,32,100.312,63,153,225,131.791,49,294,208,122.875,67,247
677,32,101.062,73,134,225,134.004,64,303,208,123.784,61,248
678,32,99.250,65,149,225,133.480,60,314,208,123.058,55,244
679,32,102.000,65,141,225,132.391,63,287,208,121.587,58,227
680,32,99.188,56,154,225,131.213,53,287,208,119.769,63,239
681,32,102.375,62,184,225,131.720,54,279,208,118.889,61,235
682,32,102.375,58,166,225,129.502,56,258,208,117.668,64,219
683,32,100.875,78,165,225,130.124,58,282,208,116.779,61,233
684,32,101.375,69,156,225,129.151,61,289,208,116.702,48,230
685,32,100.312,63,147,225,129.124,55,260,208,115.788,59,227
686,32,98.969,61,143,225,130.053,61,262,208,116.014,51,230
687,32,99.562,59,141,225,129.156,57,283,208,114.245,61,243
688,32,99.812,68,163,225,128.196,51,243,208,114.423,58,236
689,32,99.312,70,157,225,129.551,58,291,208,114.894,60,225
690,32,99.594,66,150,225,128.093,54,272,208,116.010,53,248
691,32,97.656,62,141,225,127.822,61,269,208,115.048,56,213
692,32,99.344,56,156,225,129.204,61,266,208,115.139,60,225
693,32,100.938,58,136,225,129.533,56,279,208,113.471,59,237
694,32,100.938,71,149,225,129.356,56,251,208,115.361,57,224
695,32,95.469,58,142,225,129.031,54,256,208,114.654,56,242
696,32,100.250,61,164,225,128.880,61,255,208,114.413,57,241
697,32,99.500,73,134,225,127.653,53,269,208,114.538,62,236
698,32,97.188,61,133,225,127.453,57,282,208,114.024,56,219
699,32,100.281,72,154,225,128.209,51,269,208,115.139,58,221
700,32,99.156,65,151,225,128.511,56,253,208,114.938,60,230
701,32,101.719,68,166,225,129.004,54,271,208,113.688,56,233
702,32,100.125,57,161,225,127.498,59,245,208,113.423,50,229
703,32,100.656,66,153,225,128.124,54,283,208,113.476,61,237
704,32,98.688,66,144,225,128.782,57,276,208,112.942,53,224
705,32,101.031,70,171,225,128.231,55,245,208,114.625,57,258
706,32,101.562,58,174,225,128.227,57,259,208,114.212,57,239
707,32,100.188,71,178,225,128.418,58,252,208,114.611,58,232
708,32,99.000,63,162,225,128.542,55,269,208,114.861,48,240
709,32,98.781,61,158,225,131.298,52,293,208,114.524,57,232
710,32,99.156,57,156,225,129.644,54,273,208,114.755,61,237
711,32,101.344,61,171,225,129.560,51,290,208,115.962,52,235
712,32,99.781,63,155,225,130.124,58,281,208,115.702,56,270
713,32,100.625,63,157,225,132.080,53,269,208,115.341,54,254
714,32,99.969,66,162,225,129.653,56,259,208,115.543,57,270
715,32,99.094,62,165,225,128.689,56,279,208,115.433,55,257
716,32,100.156,66,154,225,130.689,56,297,208,115.173,64,236
717,32,98.562,61,163,225,130.840,56,274,208,115.216,56,245
718,32,97.469,60,146,225,129.969,54,283,208,114.567,56,215
719,32,96.594,55,151,225,129.973,56,270,208,114.303,52,222
720,32,99.344,72,140,225,129.760,53,264,208,113.635,60,230
721,32,100.219,70,150,225,128.622,59,256,208,115.125,60,218
722,32,99.188,61,160,225,129.418,57,268,208,114.885,56,219
723,32,96.312,64,146,225,129.391,59,273,208,114.510,58,236
724,32,100.156,66,163,225,130.173,62,283,208,113.856,59,230
725,32,98.219,63,148,225,129.831,57,284,208,115.192,57,224
726,32,100.469,71,156,225,129.947,59,284,208,114.639,59,234
727,32,98.750,61,148,225,129.222,56,283,208,114.082,62,234
728,32,100.625,64,139,225,129.849,60,275,208,113.889,55,228
729,32,99.938,73,155,225,129.524,57,262,208,113.692,63,228
730,32,99.750,73,148,225,128.560,55,256,208,113.947,57,227
731,32,99.406,68,156,225,128.444,51,282,208,113.500,58,223
732,32,98.156,65,145,225,128.680,52,286,208,113.356,57,229
733,32,99.375,67,159,225,128.609,53,265,208,114.255,56,227
734,32,98.812,58,163,225,128.027,56,269,208,115.692,49,255
735,32,100.594,60,146,225,127.564,58,248,208,115.875,59,233
736,32,101.094,71,147,225,132.449,52,290,208,120.865,60,254
737,32,100.438,68,142,225,131.529,59,274,208,122.139,62,250
738,32,101.094,59,142,225,133.467,57,297,208,120.760,63,247
739,32,105.562,70,161,225,133.044,56,274,208,121.048,55,242
740,32,100.250,58,149,225,131.604,58,289,208,120.822,60,244
741,32,100.844,58,145,225,131.809,50,286,208,117.861,58,233
742,32,101.344,60,157,225,130.267,61,293,208,117.812,57,244
743,32,99.406,65,150,225,129.182,59,280,208,116.558,59,254
744,32,102.969,64,166,225,129.084,54,264,208,116.308,57,216
745,32,99.875,68,148,225,129.396,53,272,208,116.375,60,231
746,32,99.812,59,154,225,129.489,54,272,208,115.370,58,229
747,32,99.531,67,154,225,128.622,59,279,208,113.663,60,223
748,32,100.188,72,154,225,127.800,58,291,208,116.548,55,223
749,32,97.094,66,139,225,128.796,52,266,208,113.240,51,232
750,32,99.031,51,160,225,129.600,53,271,208,114.582,60,234
751,32,99.500,63,172,225,129.196,51,274,208,114.481,61,231
752,32,98.094,61,145,225,128.311,58,255,208,114.663,57,221
753,32,99.812,59,165,225,128.862,53,278,208,113.995,52,217
754,32,100.219,64,145,225,129.164,59,276,208,114.264,55,250
755,32,99.781,64,145,225,127.929,59,266,208,112.601,51,226
756,32,100.156,72,151,225,128.813,60,259,208,113.490,55,238
757,32,101.406,69,150,225,129.387,63,270,208,114.394,61,241
758,32,101.094,72,138,225,129.093,58,267,208,113.293,57,232
759,32,100.688,52,143,225,128.707,51,269,208,113.346,57,256
760,32,99.156,64,147,225,128.036,52,252,208,114.279,58,241
761,32,95.906,54,141,225,128.773,46,286,208,114.481,64,230
762,32,97.594,57,149,225,127.738,57,271,208,114.966,55,250
763,32,101.219,58,151,225,128.116,48,247,208,114.260,58,240
764,32,99.125,57,153,225,126.596,52,262,208,114.721,56,224
765,32,99.156,61,158,225,126.969,53,259,208,113.212,56,225
766,32,98.094,70,140,225,127.218,53,275,208,112.596,55,207
767,32,99.094,76,125,225,128.218,56,287,208,112.981,55,219
768,32,98.656,68,149,225,127.520,46,246,208,115.188,58,239
769,32,98.219,63,145,225,127.484,43,267,208,113.226,50,230
770,32,97.906,60,140,225,127.920,49,260,208,115.091,61,248
771,32,102.438,73,150,225,127.724,58,256,208,113.115,55,231
772,32,100.656,60,156,225,127.502,57,274,208,113.861,58,234
773,32,98.312,59,138,225,127.436,57,267,208,114.024,56,226
774,32,99.094,70,151,225,128.249,59,277,208,112.188,57,219
775,32,99.281,61,155,225,128.840,53,264,208,112.851,58,225
776,32,97.375,67,143,225,126.382,56,260,208,114.043,60,225
777,32,98.844,61,161,225,128.009,57,289,208,113.404,59,249
778,32,97.094,64,144,225,127.591,58,252,208,113.519,52,243
779,32,101.406,71,147,225,128.578,56,277,208,112.822,57,211
780,32,97.625,68,152,225,128.551,58,265,208,112.644,53,222
781,32,96.406,65,136,225,127.573,56,270,208,112.851,57,264
782,32,97.281,61,132,225,128.480,56,289,208,113.562,58,218
783,32,99.656,63,137,225,129.733,56,299,208,113.399,58,227
784,32,97.750,57,160,225,128.631,59,262,208,113.731,55,213
785,32,97.938,67,142,225,128.062,61,274,208,114.091,52,219
786,32,98.531,71,142,225,129.120,56,270,208,113.923,59,235
787,32,101.062,69,167,225,129.667,54,280,208,113.356,57,252
788,32,96.969,67,141,225,128.507,53,288,208,114.216,55,245
789,32,96.625,68,138,225,128.938,56,282,208,113.692,61,238
790,32,100.250,74,160,225,127.978,53,266,208,113.423,61,221
791,32,100.406,70,143,225,129.751,57,285,208,113.389,57,237
792,32,99.938,58,151,225,130.169,56,285,208,115.433,59,226
793,32,97.062,67,154,225,128.836,56,277,208,114.986,64,244
794,32,97.656,69,135,225,129.191,53,273,208,113.038,55,226
795,32,97.812,61,149,225,128.929,55,270,208,113.423,53,239
796,32,97.375,68,135,225,131.440,57,288,208,120.981,63,233
797,32,98.188,63,129,225,133.929,57,317,208,123.635,63,245
798,32,100.625,64,137,225,133.027,54,297,208,122.938,61,240
799,32,97.500,61,141,225,132.978,56,287,208,124.115,66,253
800,32,101.375,72,139,225,132.422,58,313,208,121.889,56,265
801,32,97.688,72,152,225,130.862,54,292,208,119.548,57,246
802,32,97.188,66,145,225,131.018,54,291,208,119.784,62,244
803,32,97.469,60,142,225,129.964,61,293,208,117.534,61,251
804,32,99.281,60,151,225,131.164,59,302,208,118.308,59,242
805,32,97.688,60,151,225,130.151,56,281,208,116.769,61,227
806,32,97.844,67,166,225,128.360,51,277,208,115.899,55,232
807,32,99.219,60,143,225,129.916,60,271,208,115.274,59,240
808,32,97.688,68,150,225,129.289,52,275,208,114.524,63,234
809,32,96.625,67,137,225,128.693,57,262,208,116.413,54,216
810,32,100.125,60,144,225,129.058,59,267,208,114.433,58,225
811,32,96.719,58,166,225,128.876,55,271,208,114.212,58,233
812,32,98.562,65,147,225,129.507,58,270,208,114.933,55,225
813,32,100.125,60,159,225,129.453,57,271,208,113.154,53,236
814,32,95.781,59,139,225,126.858,51,264,208,114.404,55,249
815,32,97.344,64,129,225,128.831,61,290,208,112.990,55,232
816,32,97.000,60,147,225,128.360,57,252,208,112.779,57,232
817,32,98.781,62,150,225,127.818,62,273,208,113.173,56,218
818,32,98.062,56,153,225,128.044,58,294,208,113.356,51,228
819,32,97.781,63,150,225,127.018,56,279,208,114.091,55,233
820,32,99.406,65,141,225,126.751,54,253,208,113.995,56,232
821,32,98.250,56,138,225,127.693,47,261,208,114.139,59,248
822,32,104.375,67,151,225,127.858,49,256,208,113.519,57,229
823,32,100.812,60,151,225,127.244,60,243,208,114.279,62,225
824,32,96.906,57,148,225,128.613,60,271,208,114.481,56,224
825,32,101.531,50,154,225,126.778,51,264,208,113.553,59,220
826,32,100.562,63,171,225,129.587,53,282,208,114.639,58,242
827,32,96.469,63,150,225,128.507,55,284,208,114.894,51,236
828,32,99.500,58,153,225,127.898,49,263,208,113.293,56,224
829,32,97.344,65,150,225,127.822,57,273,208,114.255,52,241
830,32,97.531,52,143,225,128.622,55,247,208,114.543,59,238
831,32,98.344,53,140,225,127.062,52,264,208,112.712,56,231
832,32,99.875,65,152,225,127.947,58,256,208,113.327,56,234
833,32,96.750,63,132,225,127.871,59,265,208,114.538,52,236
834,32,97.406,66,150,225,127.418,48,263,208,115.029,56,235
835,32,97.156,66,138,225,127.391,51,269,208,112.293,60,208
836,32,98.594,68,159,225,126.747,55,274,208,114.043,49,233
837,32,98.625,61,145,225,127.240,59,278,208,114.375,59,216
838,32,96.625,56,141,225,127.640,49,305,208,113.188,53,242
839,32,97.031,70,153,225,128.044,56,255,208,112.990,51,239
840,32,97.094,60,137,225,128.182,50,279,208,113.418,59,252
841,32,96.219,68,148,225,126.987,54,249,208,114.197,60,221
842,32,99.844,55,147,225,127.884,57,270,208,113.365,62,227
843,32,100.469,65,153,225,128.676,57,261,208,114.048,58,226
844,32,96.562,59,146,225,128.231,50,250,208,114.389,56,230
845,32,97.062,68,134,225,127.738,60,292,208,113.957,50,209
846,32,97.938,63,141,225,127.449,53,247,208,113.014,53,238
847,32,95.875,66,128,225,128.129,58,245,208,113.976,59,241
848,32,96.625,60,137,225,128.511,55,267,208,114.250,55,238
849,32,98.844,61,158,225,129.516,58,273,208,113.745,57,218
850,32,99.312,65,148,225,128.258,54,258,208,114.361,61,240
851,32,97.062,60,148,225,129.564,59,251,208,114.769,60,228
852,32,97.125,62,135,225,128.951,59,272,208,114.048,57,233
853,32,96.219,69,131,225,128.218,55,270,208,113.014,58,244
854,32,99.875,65,163,225,129.529,53,287,208,113.736,56,237
855,32,97.156,64,152,225,127.929,58,280,208,114.038,56,244
856,32,98.906,59,146,225,129.289,58,266,208,118.500,61,227
857,32,96.781,64,146,225,132.684,57,295,208,123.452,65,230
858,32,98.750,60,149,225,133.191,56,289,208,122.274,57,255
859,32,96.781,59,154,225,131.404,55,262,208,120.904,62,231
860,32,97.312,63,145,225,132.511,57,268,208,119.091,62,233
861,32,100.375,68,154,225,130.636,61,266,208,118.308,57,229
862,32,99.375,60,163,225,131.720,53,280,208,117.423,58,233
863,32,100.719,70,147,225,129.476,60,252,208,116.543,58,211
864,32,97.469,64,141,225,130.867,55,281,208,115.587,60,238
865,32,97.000,60,148,225,131.147,60,271,208,114.721,54,227
866,32,98.312,51,153,225,131.173,50,284,208,114.486,50,217
867,32,98.906,58,140,225,130.333,58,255,208,115.505,57,232
868,32,98.469,60,148,225,130.218,61,261,208,113.606,52,238
869,32,100.000,65,138,225,130.098,57,274,208,115.192,58,242
870,32,99.031,56,155,225,129.507,58,291,208,113.726,56,232
871,32,98.781,64,162,225,128.773,55,280,208,114.303,61,223
872,32,101.688,66,181,225,128.440,56,270,208,114.543,60,234
873,32,98.844,67,152,225,129.191,54,284,208,115.673,57,228
874,32,97.531,59,140,225,128.058,55,254,208,112.173,52,246
875,32,99.969,67,161,225,130.547,57,275,208,114.308,62,227
876,32,98.312,57,151,225,129.524,60,249,208,114.861,57,245
877,32,97.000,58,134,225,128.160,58,249,208,115.038,56,241
878,32,98.250,65,141,225,128.831,58,262,208,114.183,57,239
879,32,96.406,52,152,225,127.596,56,286,208,114.361,60,226
880,32,98.344,60,149,225,127.533,49,268,208,113.375,58,226
881,32,96.906,63,163,225,128.871,54,267,208,113.399,63,211
882,32,96.000,65,148,225,128.102,56,261,208,114.793,48,241
883,32,97.438,70,149,225,128.547,52,266,208,114.159,54,234
884,32,97.500,56,147,225,127.716,59,275,208,114.904,54,230
885,32,99.375,60,155,225,127.764,52,267,208,114.981,62,234
886,32,97.250,63,141,225,126.907,51,269,208,113.168,57,226
887,32,100.000,60,156,225,127.773,56,265,208,113.971,60,223
888,32,100.906,56,156,225,127.791,57,265,208,113.183,55,225
889,32,102.062,57,150,225,127.049,58,264,208,114.793,55,232
890,32,97.312,63,142,225,127.542,57,289,208,114.005,57,228
891,32,103.219,59,170,225,126.387,54,256,208,113.361,59,226
892,32,102.062,62,157,225,127.480,60,273,208,113.548,54,227
893,32,98.938,58,151,225,126.253,55,250,208,113.923,54,230
894,32,101.812,61,156,225,126.609,57,286,208,114.178,55,240
895,32,102.594,68,137,225,126.809,55,287,208,115.038,59,231
896,32,98.969,56,152,225,127.938,60,262,208,114.332,57,243
897,32,101.375,66,151,225,127.844,56,255,208,114.596,52,222
898,32,100.906,61,152,225,126.644,55,279,208,115.337,54,228
899,32,100.625,64,157,225,126.738,51,273,208,114.245,52,239
900,32,101.531,64,154,225,128.418,60,254,208,113.207,56,229
901,32,102.719,67,150,225,127.107,58,294,208,113.519,54,255
902,32,101.844,59,172,225,126.987,55,284,208,115.303,59,235
903,32,99.906,69,145,225,127.462,55,259,208,114.269,58,226
904,32,99.250,61,161,225,127.916,55,258,208,113.048,54,248
905,32,98.438,63,138,225,127.578,49,252,208,113.990,59,233
906,32,98.500,59,142,225,127.244,52,254,208,115.625,60,235
907,32,95.844,47,140,225,126.511,51,272,208,114.519,56,238
908,32,97.500,71,148,225,126.204,53,254,208,115.851,58,228
909,32,95.812,62,147,225,126.547,52,265,208,112.721,55,220
910,32,99.625,59,136,225,126.987,53,277,208,114.567,59,240
911,32,98.594,59,160,225,126.858,57,238,208,113.808,55,247
912,32,98.094,63,150,225,126.178,59,268,208,114.250,56,245
913,32,96.438,68,146,225,126.391,57,283,208,113.462,59,225
914,32,97.906,58,152,225,127.027,50,303,208,114.495,59,235
915,32,97.719,68,148,225,126.569,56,249,208,113.846,57,241
916,32,97.188,59,153,225,127.813,56,311,208,119.043,58,243
917,32,99.625,52,146,225,130.169,53,290,208,125.639,66,249
918,32,97.438,60,162,225,130.733,59,294,208,126.236,62,241
919,32,98.844,73,137,225,131.009,57,302,208,122.942,57,229
920,32,99.281,63,148,225,131.018,52,293,208,122.370,62,241
921,32,99.156,65,154,225,128.613,58,273,208,119.577,52,249
922,32,99.375,67,136,225,129.849,61,279,208,118.736,58,233
923,32,98.156,56,166,225,128.107,55,255,208,118.389,58,231
924,32,98.906,64,153,225,128.542,54,254,208,117.202,61,250
925,32,95.531,59,155,225,128.982,62,264,208,117.332,56,232
926,32,96.188,60,139,225,128.231,58,247,208,117.337,59,221
927,32,99.156,67,147,225,126.520,52,251,208,116.981,59,234
928,32,97.406,60,146,225,127.898,56,260,208,114.957,56,245
929,32,97.688,65,164,225,127.636,55,254,208,115.048,58,245
930,32,96.344,57,148,225,127.396,56,269,208,115.591,54,214
931,32,98.938,65,143,225,126.436,54,263,208,114.995,53,242
932,32,95.656,68,140,225,126.427,51,250,208,113.774,62,241
933,32,98.656,64,145,225,126.498,60,265,208,115.135,56,234
934,32,99.094,67,145,225,126.920,56,274,208,114.707,55,251
935,32,99.250,61,155,225,125.622,53,236,208,115.524,62,231
936,32,99.500,65,139,225,125.956,54,257,208,114.144,53,246
937,32,96.406,65,144,225,127.169,53,253,208,113.942,54,240
938,32,99.062,56,138,225,128.902,58,269,208,113.625,61,230
939,32,96.000,64,159,225,125.662,53,251,208,113.130,53,235
940,32,95.938,65,134,225,126.364,55,270,208,115.389,56,238
941,32,98.156,59,154,225,125.969,60,247,208,114.019,55,234
942,32,96.531,59,143,225,125.782,56,249,208,113.471,53,228
943,32,98.906,56,154,225,126.631,57,277,208,115.058,62,226
944,32,95.562,65,130,225,126.787,59,270,208,114.688,55,242
945,32,97.906,63,145,225,127.671,55,248,208,113.091,62,247
946,32,97.625,53,152,225,126.116,51,264,208,113.202,54,237
947,32,96.156,57,158,225,125.431,58,270,208,113.471,54,218
948,32,99.406,67,141,225,125.293,49,262,208,113.106,57,224
949,32,96.969,56,143,225,126.182,58,256,208,114.885,61,238
950,32,95.469,60,154,225,126.244,56,263,208,115.418,62,244
951,32,97.719,63,150,225,127.827,54,246,208,115.029,59,246
952,32,96.500,62,150,225,126.520,53,254,208,114.308,59,220
953,32,97.938,69,133,225,128.040,57,265,208,115.269,59,235
954,32,99.531,60,156,225,127.947,60,285,208,115.553,55,248
955,32,98.719,57,144,225,127.631,55,263,208,115.308,52,221
956,32,99.312,65,162,225,127.631,55,269,208,115.707,62,247
957,32,96.312,55,138,225,126.587,51,281,208,115.019,52,222
958,32,97.188,61,147,225,126.964,59,258,208,115.274,59,242
959,32,99.500,68,143,225,127.071,52,256,208,115.043,53,241
960,32,96.625,64,160,225,127.871,53,268,208,114.457,60,223
961,32,97.281,57,151,225,127.676,59,240,208,114.760,58,241
962,32,97.062,59,157,225,126.369,55,273,208,114.216,55,227
963,32,101.469,66,149,225,127.956,54,269,208,114.649,53,240
964,32,97.438,58,160,225,126.044,54,259,208,114.841,56,240
965,32,98.469,62,135,225,127.471,53,267,208,114.308,61,226
966,32,98.125,62,157,225,127.404,56,255,208,114.683,58,248
967,32,98.906,63,162,225,125.889,55,248,208,115.048,58,230
968,32,99.531,65,149,225,126.822,55,272,208,114.269,50,233
969,32,98.156,61,137,225,126.022,54,273,208,113.707,50,238
970,32,96.000,61,144,225,125.222,55,260,208,113.736,57,233
971,32,96.969,63,142,225,126.076,59,262,208,113.851,59,260
972,32,100.344,57,148,225,127.324,57,266,208,113.894,58,237
973,32,98.156,62,159,225,126.804,55,253,208,115.226,57,233
974,32,99.125,56,178,225,126.044,57,256,208,114.899,55,234
975,32,99.000,60,165,225,126.467,53,241,208,114.202,52,227
976,32,98.219,63,162,225,128.369,53,249,208,116.885,59,262
977,32,98.125,68,162,225,131.458,54,267,208,123.365,61,246
978,32,97.875,60,153,225,132.747,59,283,208,124.438,57,254
979,32,99.844,63,166,225,132.893,58,271,208,122.870,66,265
980,32,99.219,64,181,225,130.111,57,257,208,120.808,59,247
981,32,99.750,58,171,225,130.209,61,273,208,119.639,57,261
982,32,100.906,63,182,225,128.956,53,249,208,118.769,58,261
983,32,98.469,59,150,225,127.667,52,268,208,118.846,57,251
984,32,100.781,54,164,225,125.404,56,237,208,116.899,58,245
985,32,99.438,66,149,225,127.040,53,262,208,116.216,62,233
986,32,99.000,52,165,225,127.138,58,252,208,115.005,60,263
987,32,98.344,63,162,225,126.582,54,254,208,115.495,54,245
988,32,100.375,64,159,225,126.631,59,245,208,115.673,59,238
989,32,101.188,59,170,225,125.471,55,249,208,115.178,57,240
990,32,96.906,69,148,225,126.467,61,256,208,115.399,58,240
991,32,97.562,56,149,225,126.782,53,258,208,115.462,56,246
992,32,99.656,68,164,225,126.596,56,257,208,115.221,55,230
993,32,100.344,63,161,225,127.462,57,259,208,113.851,54,249
994,32,101.906,63,146,225,127.231,53,265,208,115.312,57,229
995,32,98.688,59,157,225,126.489,53,244,208,114.438,59,247
996,32,100.500,56,154,225,125.187,55,252,208,112.606,53,226
997,32,100.438,63,143,225,126.076,50,248,208,113.745,53,235
998,32,101.344,59,154,225,124.800,52,251,208,114.144,59,233
999,32,102.781,58,167,225,125.351,56,267,208,113.591,58,242
1000,32,99.125,57,164,225,125.676,52,254,208,113.716,56,236
1001,32,102.406,63,171,225,125.187,54,252,208,114.769,57,247
1002,32,99.125,64,152,225,126.738,56,261,208,113.510,51,228
1003,32,101.875,60,154,225,126.071,56,246,208,114.288,47,224
1004,32,101.250,64,147,225,126.169,56,253,208,115.183,48,222
1005,32,100.625,65,161,225,127.098,61,257,208,114.351,60,236
1006,32,102.156,60,149,225,126.729,52,249,208,114.596,55,236
1007,32,102.281,58,157,225,125.973,54,242,208,114.144,58,223
1008,32,98.688,63,141,225,125.836,52,270,208,113.663,51,235
1009,32,98.094,56,139,225,125.964,55,265,208,114.514,59,240
1010,32,99.125,66,151,225,127.564,51,260,208,113.591,60,217
1011,32,101.094,60,149,225,126.751,56,249,208,114.745,54,255
1012,32,98.250,59,146,225,126.547,61,257,208,113.976,55,240
1013,32,97.938,63,148,225,125.596,57,263,208,115.212,59,232
1014,32,98.656,57,152,225,126.373,56,253,208,113.736,55,247
1015,32,99.938,53,144,225,126.080,56,264,208,114.010,53,237
1016,32,98.688,65,148,225,126.462,51,249,208,114.611,60,237
1017,32,100.062,62,138,225,125.253,54,270,208,113.952,57,236
1018,32,102.031,61,154,225,126.547,57,272,208,113.529,56,238
1019,32,99.750,64,143,225,125.142,60,260,208,113.639,53,238
1020,32,99.656,57,135,225,124.964,57,262,208,113.933,53,244
1021,32,98.875,67,146,225,125.267,57,253,208,114.163,58,233
1022,32,99.594,64,152,225,126.093,56,254,208,113.365,52,252
1023,32,99.281,60,145,225,126.107,55,261,208,114.269,56,229
1024,32,102.500,62,151,225,126.209,57,252,208,114.726,61,252
1025,32,100.969,60,162,225,126.013,50,248,208,114.591,56,243
1026,32,102.281,60,162,225,126.053,54,246,208,113.673,58,235
1027,32,102.375,62,154,225,126.524,50,254,208,113.649,54,228
1028,32,103.125,58,162,225,125.253,55,249,208,114.135,52,227
1029,32,100.500,57,154,225,124.742,53,267,208,113.808,61,254
1030,32,98.781,54,149,225,125.733,54,253,208,114.476,56,236
1031,32,98.531,57,151,225,125.218,53,254,208,114.510,59,228
1032,32,101.656,60,161,225,127.213,53,260,208,116.115,48,250
1033,32,103.531,64,145,225,125.724,56,248,208,114.413,52,237
1034,32,102.875,60,148,225,125.791,49,242,208,115.952,60,252
1035,32,100.438,51,144,225,126.711,55,281,208,114.769,52,235
1036,32,99.719,59,148,225,127.071,56,280,208,115.731,59,235
1037,32,103.156,68,155,225,130.769,59,254,208,123.865,55,235
1038,32,102.375,61,159,225,133.080,57,267,208,126.284,58,252
1039,32,102.219,58,153,225,131.987,59,286,208,124.438,61,244
1040,32,100.781,59,158,225,130.467,58,264,208,124.144,60,254
1041,32,101.812,51,149,225,129.924,56,240,208,121.947,54,237
1042,32,103.312,57,166,225,129.956,54,269,208,119.476,58,236
1043,32,102.781,61,166,225,128.720,52,261,208,118.168,60,237
1044,32,98.875,58,151,225,127.729,51,268,208,117.486,59,242
1045,32,102.562,63,147,225,128.129,59,248,208,117.423,53,234
1046,32,103.844,63,163,225,127.693,60,277,208,117.115,59,227
1047,32,101.094,59,158,225,125.556,57,262,208,115.740,54,237
1048,32,102.500,67,145,225,126.831,55,252,208,115.452,56,244
1049,32,100.188,60,166,225,125.502,55,259,208,114.111,54,229
1050,32,101.906,57,159,225,125.871,58,262,208,114.264,55,241
1051,32,101.250,59,148,225,125.342,52,245,208,115.750,54,246
1052,32,100.562,62,148,225,125.778,53,256,208,115.380,54,236
1053,32,101.812,56,155,225,124.960,54,269,208,114.620,54,237
1054,32,101.938,62,145,225,124.578,57,281,208,114.471,61,239
1055,32,102.938,62,150,225,124.782,55,274,208,114.163,54,236
1056,32,101.844,64,163,225,125.142,55,250,208,115.380,58,240
1057,32,99.719,65,153,225,125.133,53,257,208,114.591,53,247
1058,32,100.312,65,166,225,125.004,52,264,208,115.736,53,240
1059,32,102.656,57,156,225,126.076,58,265,208,113.630,51,247
1060,32,101.531,57,153,225,125.062,57,266,208,114.192,58,234
1061,32,103.594,67,156,225,124.782,52,271,208,114.889,56,241
1062,32,101.750,55,190,225,123.684,58,253,208,114.024,55,223
1063,32,100.500,56,169,225,125.107,56,253,208,113.832,55,233
1064,32,102.000,57,169,225,123.907,57,250,208,113.644,48,235
1065,32,104.281,58,149,225,125.360,58,267,208,114.659,55,229
1066,32,101.750,55,164,225,125.476,52,263,208,113.562,51,224
1067,32,103.031,63,164,225,124.956,55,257,208,114.962,55,238
1068,32,102.562,54,161,225,126.173,52,252,208,113.659,54,245
1069,32,105.125,58,181,225,125.716,59,262,208,113.870,58,240
1070,32,103.125,53,182,225,125.787,54,251,208,114.856,54,233
1071,32,107.781,58,185,225,125.191,55,240,208,114.394,58,244
1072,32,104.500,64,172,225,125.867,54,241,208,114.168,47,235
1073,32,104.375,69,157,225,127.324,58,252,208,114.014,55,236
1074,32,102.906,57,160,225,126.596,53,252,208,112.274,58,234
1075,32,103.000,53,173,225,125.133,53,252,208,114.510,55,241
1076,32,101.906,57,167,225,126.040,53,256,208,114.269,55,223
1077,32,101.406,59,163,225,126.347,57,271,208,113.082,61,244
1078,32,100.781,55,164,225,125.364,47,254,208,115.221,58,243
1079,32,99.625,60,173,225,125.578,56,275,208,114.159,53,241
1080,32,103.188,60,175,225,126.627,51,249,208,113.995,53,239
1081,32,102.250,58,189,225,126.649,57,237,208,114.875,62,231
1082,32,103.094,68,194,225,125.956,53,245,208,114.005,44,227
1083,32,103.000,64,195,225,127.120,57,250,208,114.471,53,234
1084,32,104.500,56,184,225,126.636,53,265,208,113.591,54,223
1085,32,104.375,66,188,225,127.191,58,258,208,113.894,54,236
1086,32,101.031,55,184,225,126.049,56,246,208,114.519,62,229
1087,32,103.500,60,170,225,125.600,44,257,208,114.327,52,231
1088,32,102.219,55,183,225,126.316,54,245,208,114.029,59,247
1089,32,104.500,51,177,225,126.387,54,255,208,114.077,56,232
1090,32,100.281,60,160,225,125.400,52,261,208,115.298,60,235
1091,32,101.781,69,162,225,126.956,54,280,208,114.524,54,224
1092,32,103.062,59,158,225,126.862,51,252,208,114.159,55,242
1093,32,102.719,60,171,225,126.089,48,250,208,114.389,60,257
1094,32,100.344,49,159,225,125.942,51,250,208,113.894,50,244
1095,32,102.875,65,159,225,124.964,52,272,208,113.442,54,232
1096,32,102.969,65,161,225,127.316,56,236,208,115.899,57,246
1097,32,100.469,63,164,225,129.436,55,294,208,121.476,51,249
1098,32,104.000,56,164,225,130.884,53,275,208,124.649,57,241
1099,32,99.781,61,165,225,130.067,52,259,208,124.548,61,239
1100,32,99.281,65,163,225,129.267,56,259,208,121.995,57,252
1101,32,100.969,64,149,225,128.471,51,269,208,121.971,58,237
1102,32,102.250,59,165,225,128.529,56,259,208,119.971,62,231
1103,32,99.812,51,161,225,127.516,52,265,208,118.173,54,239
1104,32,102.688,57,168,225,126.373,55,274,208,117.712,57,251
1105,32,100.500,63,161,225,126.658,55,261,208,116.005,57,245
1106,32,103.375,61,170,225,124.440,54,244,208,115.865,49,222
1107,32,98.562,61,149,225,126.307,59,263,208,116.971,52,236
1108,32,99.656,53,148,225,125.191,56,251,208,116.024,56,245
1109,32,101.281,58,145,225,126.191,46,242,208,115.188,53,233
1110,32,100.469,52,154,225,125.076,48,244,208,114.755,56,229
1111,32,99.969,51,162,225,124.760,49,255,208,113.885,54,229
1112,32,100.031,65,164,225,125.347,52,256,208,115.659,57,252
1113,32,100.469,66,154,225,125.684,52,268,208,114.654,61,231
1114,32,99.812,63,160,225,124.640,53,250,208,115.923,56,230
1115,32,103.250,56,162,225,124.680,50,271,208,115.197,53,233
1116,32,102.500,57,165,225,125.724,44,257,208,114.500,59,260
1117,32,101.438,66,160,225,124.947,52,247,208,115.553,57,237
1118,32,102.344,59,159,225,124.693,51,252,208,114.635,47,219
1119,32,101.594,59,153,225,124.004,43,272,208,114.957,58,238
1120,32,101.906,65,158,225,125.351,59,258,208,115.192,53,242
1121,32,101.500,54,153,225,126.329,55,250,208,113.812,58,251
1122,32,100.156,61,165,225,124.960,49,254,208,114.721,54,236
1123,32,101.062,60,156,225,125.884,57,263,208,114.846,49,231
1124,32,99.531,59,155,225,125.653,49,261,208,116.442,55,241
1125,32,102.500,67,168,225,125.129,48,247,208,115.452,59,248
1126,32,100.656,61,156,225,125.920,54,245,208,115.721,51,247
1127,32,101.562,58,140,225,126.053,54,261,208,115.438,60,247
1128,32,105.438,61,174,225,125.809,54,254,208,115.120,55,236
1129,32,98.906,66,147,225,124.831,54,252,208,114.130,57,237
1130,32,98.812,64,155,225,125.556,50,254,208,115.697,52,230
1131,32,102.781,67,157,225,125.484,54,241,208,116.240,59,228
1132,32,100.312,60,162,225,124.569,54,245,208,116.005,54,251
1133,32,99.094,56,146,225,125.942,52,254,208,115.524,49,239
1134,32,100.125,60,168,225,124.938,48,264,208,115.418,58,262
1135,32,98.969,66,146,225,125.551,53,266,208,114.726,53,235
1136,32,101.375,65,152,225,124.204,57,251,208,115.053,52,221
1137,32,97.188,63,152,225,124.062,55,250,208,114.736,57,223
1138,32,99.062,55,135,225,125.889,54,245,208,116.188,53,241
1139,32,98.875,61,159,225,124.804,56,256,208,113.880,59,237
1140,32,100.938,60,155,225,124.431,55,252,208,113.938,57,233
1141,32,99.875,61,162,225,124.636,55,257,208,114.981,52,234
1142,32,98.750,51,152,225,124.853,56,257,208,114.986,56,236
1143,32,99.156,54,142,225,125.760,50,261,208,114.433,54,250
1144,32,101.938,58,174,225,125.236,57,241,208,114.274,53,226
1145,32,101.344,59,158,225,126.804,47,251,208,115.880,57,248
1146,32,99.594,66,151,225,125.787,54,268,208,114.159,52,224
1147,32,98.781,58,157,225,126.342,60,258,208,114.385,56,235
1148,32,98.531,59,148,225,124.884,58,261,208,115.370,56,253
1149,32,99.438,57,146,225,125.453,58,244,208,114.808,56,225
1150,32,100.875,62,173,225,126.027,55,266,208,114.837,57,245
1151,32,102.000,47,150,225,126.284,54,253,208,113.538,58,250
1152,32,100.562,59,158,225,125.191,54,228,208,114.788,58,236
1153,32,100.656,55,148,225,125.569,57,255,208,115.913,55,229
1154,32,103.062,57,163,225,125.702,59,258,208,116.024,58,223
1155,32,101.688,61,145,225,126.667,50,258,208,115.990,57,234
1156,32,102.406,60,159,225,126.391,60,239,208,115.697,57,257
1157,32,104.875,51,150,225,128.489,58,266,208,123.029,55,264
1158,32,106.281,65,154,225,129.542,59,275,208,125.798,60,249
1159,32,107.875,57,147,225,129.351,59,246,208,125.380,63,265
1160,32,105.938,63,153,225,129.480,52,259,208,124.606,62,265
1161,32,108.000,66,155,225,127.947,60,255,208,122.596,61,274
1162,32,108.031,64,145,225,126.800,56,270,208,122.163,58,278
1163,32,106.812,55,153,225,126.156,51,254,208,120.519,58,272
1164,32,107.000,67,142,225,125.311,56,254,208,118.909,58,259
1165,32,106.188,71,148,225,127.480,61,260,208,118.678,58,263
1166,32,107.500,61,150,225,125.853,55,256,208,117.293,57,278
1167,32,110.844,69,171,225,125.916,47,255,208,118.082,56,255
1168,32,107.844,51,145,225,125.782,59,255,208,117.543,54,235
1169,32,107.656,54,157,225,125.009,58,272,208,116.038,55,228
1170,32,111.094,65,153,225,125.187,55,241,208,114.875,49,242
1171,32,108.219,55,156,225,124.049,57,278,208,115.312,54,239
1172,32,109.188,58,156,225,124.938,60,249,208,114.769,57,224
1173,32,108.500,60,168,225,124.249,55,270,208,114.476,57,249
1174,32,110.500,52,159,225,124.693,53,257,208,115.457,63,268
1175,32,110.812,61,166,225,123.978,56,268,208,114.933,60,244
1176,32,108.375,60,154,225,124.396,54,239,208,115.409,57,245
1177,32,110.844,62,160,225,124.804,53,259,208,115.019,56,257
1178,32,112.375,62,160,225,124.573,53,266,208,114.798,55,248
1179,32,108.750,57,150,225,125.804,50,261,208,116.115,58,248
1180,32,109.000,54,157,225,124.560,58,255,208,114.688,54,229
1181,32,108.688,56,163,225,124.813,53,252,208,114.635,59,235
1182,32,110.594,49,171,225,124.760,50,266,208,113.635,55,245
1183,32,110.906,63,158,225,124.920,55,244,208,115.303,53,252
1184,32,107.406,54,162,225,123.787,52,248,208,114.365,50,228
1185,32,108.906,51,163,225,123.609,54,243,208,114.990,56,234
1186,32,109.844,59,163,225,125.147,54,256,208,114.442,57,223
1187,32,108.688,60,175,225,124.271,54,249,208,114.784,53,237
1188,32,106.406,63,158,225,122.960,54,256,208,115.712,54,238
1189,32,108.719,54,170,225,125.818,52,264,208,114.630,58,230
1190,32,108.844,61,169,225,124.947,57,262,208,114.197,59,229
1191,32,108.406,60,161,225,124.622,54,257,208,114.543,59,228
1192,32,109.469,50,165,225,125.187,50,260,208,115.087,53,238
1193,32,107.156,51,163,225,125.578,49,242,208,114.236,59,244
1194,32,107.625,49,171,225,126.347,52,268,208,115.327,60,226
1195,32,105.500,54,169,225,126.662,53,261,208,113.952,56,225
1196,32,107.688,64,166,225,125.129,53,259,208,115.034,55,224
1197,32,107.906,60,166,225,126.573,52,255,208,114.707,60,235
1198,32,106.812,53,159,225,127.076,51,261,208,114.611,53,248
1199,32,110.125,57,166,225,125.582,56,256,208,116.029,56,227
1200,32,108.000,60,166,225,125.147,53,250,208,114.298,56,274
1201,32,107.438,54,147,225,125.040,51,263,208,115.337,55,245
1202,32,107.906,54,163,225,125.178,54,261,208,115.212,57,241
1203,32,106.406,60,171,225,125.560,57,255,208,115.188,54,238
1204,32,108.625,54,163,225,125.720,50,257,208,114.558,57,249
1205,32,108.125,64,161,225,125.187,54,267,208,115.466,56,237
1206,32,107.719,60,166,225,126.684,55,268,208,115.731,52,239
1207,32,109.125,57,147,225,124.058,50,246,208,114.572,52,223
1208,32,105.844,60,150,225,124.658,54,261,208,115.337,60,218
1209,32,108.281,58,159,225,125.760,58,252,208,115.447,58,238
1210,32,106.625,59,156,225,126.076,55,261,208,114.990,57,235
1211,32,105.406,54,167,225,126.862,53,241,208,114.779,56,241
1212,32,109.281,65,171,225,124.942,55,271,208,114.188,53,234
1213,32,109.781,54,153,225,124.720,51,271,208,114.264,57,251
1214,32,106.562,67,158,225,124.778,58,251,208,115.779,54,234
1215,32,108.469,57,160,225,125.262,58,250,208,115.683,56,240
1216,32,108.219,57,153,225,124.831,51,238,208,115.087,58,236
1217,32,109.219,70,154,225,126.533,56,244,208,118.760,57,248
1218,32,107.594,62,155,225,128.693,53,245,208,122.913,62,243
1219,32,109.312,55,168,225,129.209,62,277,208,122.130,51,236
1220,32,109.375,62,171,225,128.231,53,265,208,122.231,56,241
1221,32,109.469,60,167,225,127.982,59,280,208,121.543,55,236
1222,32,106.344,52,174,225,126.133,56,242,208,120.236,60,243
1223,32,103.844,46,149,225,125.560,55,252,208,118.721,57,236
1224,32,105.312,58,147,225,126.302,55,269,208,119.139,58,226
1225,32,105.969,59,143,225,125.347,51,249,208,119.500,58,236
1226,32,107.875,54,174,225,125.373,60,265,208,116.726,57,228
1227,32,108.656,66,144,225,125.116,57,253,208,116.851,56,242
1228,32,107.188,58,152,225,125.253,49,261,208,118.308,51,230
1229,32,106.750,61,180,225,123.969,54,248,208,116.793,54,251
1230,32,107.688,62,151,225,124.658,54,267,208,116.784,58,238
1231,32,108.625,56,151,225,124.796,58,267,208,116.529,55,232
1232,32,106.125,58,154,225,123.907,54,265,208,116.769,55,232
1233,32,103.812,54,165,225,124.040,58,243,208,116.471,58,239
1234,32,108.531,60,163,225,123.493,59,246,208,117.404,53,250
1235,32,106.250,54,159,225,124.800,55,266,208,116.947,57,236
1236,32,105.031,58,166,225,123.964,53,272,208,117.072,50,249
1237,32,110.219,48,174,225,125.622,57,259,208,115.058,49,235
1238,32,109.094,53,170,225,123.982,57,283,208,115.462,62,242
1239,32,105.250,56,144,225,124.702,52,273,208,115.769,54,232
1240,32,106.688,62,149,225,125.751,55,275,208,116.562,58,240
1241,32,108.344,52,169,225,123.400,53,272,208,115.144,57,233
1242,32,107.938,51,159,225,124.373,52,268,208,115.519,52,250
1243,32,105.469,58,168,225,123.671,58,251,208,116.457,61,236
1244,32,106.594,60,163,225,123.529,54,270,208,115.385,55,235
1245,32,110.250,65,172,225,124.853,51,256,208,114.688,50,245
1246,32,109.250,63,155,225,124.493,57,260,208,116.577,59,232
1247,32,110.188,58,169,225,123.996,50,262,208,116.490,60,235
1248,32,107.531,54,171,225,123.613,51,259,208,115.938,49,232
1249,32,107.125,57,177,225,123.604,53,246,208,116.635,57,244
1250,32,105.250,60,145,225,124.329,57,246,208,115.154,60,252
1251,32,107.625,45,152,225,124.124,52,267,208,114.923,55,221
1252,32,107.875,59,173,225,123.689,55,251,208,116.087,58,249
1253,32,107.312,62,150,225,124.796,55,270,208,115.736,56,253
1254,32,105.844,55,177,225,123.933,50,229,208,116.553,58,234
1255,32,109.156,58,175,225,123.658,51,241,208,115.909,59,239
1256,32,109.594,54,175,225,124.280,50,277,208,115.774,57,236
1257,32,108.969,65,168,225,123.142,51,233,208,115.317,56,231
1258,32,110.875,55,176,225,122.404,52,265,208,115.558,61,242
1259,32,110.250,59,179,225,123.053,45,256,208,115.236,62,233
1260,32,109.594,58,176,225,124.173,57,271,208,115.683,57,230
1261,32,108.531,65,183,225,123.662,50,251,208,114.808,56,231
1262,32,106.812,55,192,225,122.831,51,246,208,115.524,51,243
1263,32,107.594,51,219,225,123.062,56,236,208,115.490,56,234
1264,32,112.469,58,209,225,123.533,55,240,208,115.899,53,232
1265,32,110.188,63,210,225,124.111,58,271,208,115.755,58,240
1266,32,110.312,59,204,225,123.422,54,258,208,115.120,56,236
1267,32,109.188,57,208,225,124.493,53,267,208,114.942,53,234
1268,32,114.219,65,217,225,123.084,54,260,208,114.986,58,233
1269,32,112.469,63,225,225,124.053,56,269,208,116.111,54,237
1270,32,112.812,58,232,225,124.898,57,250,208,115.043,55,227
1271,32,110.625,52,248,225,122.342,52,249,208,114.832,52,232
1272,32,112.000,50,244,225,124.773,53,240,208,115.606,54,244
1273,32,109.781,61,243,225,123.387,52,234,208,116.726,57,228
1274,32,109.844,60,244,225,124.347,55,243,208,115.663,60,243
1275,32,110.875,58,226,225,123.089,51,254,208,115.942,58,238
1276,32,113.531,58,229,225,123.587,55,262,208,115.255,54,245
1277,32,110.938,44,215,225,124.529,59,259,208,117.875,58,240
1278,32,110.562,54,225,225,126.520,57,269,208,123.447,53,248
1279,32,111.312,61,218,225,126.858,53,258,208,125.942,60,270
1280,32,111.219,56,220,225,125.982,50,245,208,123.894,50,238
1281,32,111.281,63,203,225,126.520,58,264,208,123.101,60,236
1282,32,111.312,63,201,225,124.556,57,256,208,122.149,58,241
1283,32,112.531,54,209,225,124.764,51,260,208,119.966,61,238
1284,32,112.875,65,217,225,124.022,61,260,208,119.288,57,226
1285,32,111.812,58,204,225,124.369,54,251,208,118.625,59,245
1286,32,110.938,58,196,225,122.476,51,250,208,117.779,59,246
1287,32,111.000,60,204,225,122.547,56,252,208,117.510,59,245
1288,32,108.406,55,188,225,123.458,50,256,208,117.308,59,246
1289,32,109.219,53,193,225,121.760,50,268,208,116.966,60,234
1290,32,111.531,60,195,225,122.756,55,252,208,117.183,55,237
1291,32,110.375,62,211,225,122.356,51,246,208,116.019,57,233
1292,32,109.781,59,196,225,122.671,54,246,208,116.558,49,244
1293,32,110.562,58,196,225,123.049,54,230,208,116.611,53,246
1294,32,111.469,55,212,225,124.018,57,238,208,115.885,57,239
1295,32,109.188,53,205,225,122.182,50,262,208,115.365,55,248
1296,32,112.156,52,209,225,122.933,55,243,208,114.202,59,226
1297,32,110.344,60,210,225,123.342,59,248,208,114.620,53,233
1298,32,109.594,61,206,225,121.133,54,244,208,115.389,51,261
1299,32,109.281,58,207,225,124.996,58,249,208,115.183,53,243
1300,32,108.438,65,198,225,122.449,54,254,208,117.005,61,227
1301,32,110.562,68,190,225,124.209,51,240,208,115.726,54,258
1302,32,113.156,49,207,225,123.689,54,239,208,116.851,54,246
1303,32,112.594,61,206,225,122.080,52,242,208,115.048,58,240
1304,32,111.062,48,184,225,122.107,55,220,208,115.163,58,237
1305,32,112.156,55,174,225,124.404,53,259,208,115.269,55,243
1306,32,109.031,49,191,225,124.053,52,257,208,116.385,59,248
1307,32,107.969,49,172,225,122.147,58,264,208,115.043,55,248
1308,32,109.062,58,190,225,123.062,56,234,208,115.625,51,248
1309,32,110.188,64,195,225,124.156,59,240,208,115.649,57,241
1310,32,107.531,56,187,225,123.196,56,254,208,115.995,56,262
1311,32,110.844,54,191,225,123.458,57,261,208,115.510,62,248
1312,32,107.562,54,169,225,122.431,57,252,208,115.904,56,257
1313,32,110.312,65,195,225,123.516,57,261,208,115.721,58,267
1314,32,109.562,63,188,225,121.858,52,249,208,116.904,55,241
1315,32,110.781,63,179,225,123.404,61,250,208,115.611,60,247
1316,32,110.375,51,180,225,122.902,55,241,208,116.721,60,240
1317,32,108.375,55,189,225,123.413,56,244,208,116.212,58,264
1318,32,114.031,66,202,225,123.453,52,253,208,115.745,55,246
1319,32,107.531,53,168,225,121.787,58,260,208,116.361,58,238
1320,32,109.469,58,190,225,121.849,46,241,208,117.101,59,225
1321,32,111.250,52,196,225,122.778,56,249,208,115.534,55,256
1322,32,108.406,61,180,225,122.844,52,248,208,115.942,55,269
1323,32,110.156,60,170,225,123.138,56,257,208,116.923,55,249
1324,32,109.219,57,184,225,122.116,54,265,208,115.106,47,235
1325,32,110.969,66,199,225,122.516,58,228,208,117.091,60,232
1326,32,108.000,56,176,225,124.413,53,247,208,116.062,51,240
1327,32,105.719,48,176,225,122.244,52,228,208,116.293,59,241
1328,32,110.219,55,167,225,122.773,49,241,208,116.231,56,242
1329,32,110.094,60,168,225,122.369,54,233,208,116.678,59,242
1330,32,108.125,52,186,225,121.604,53,251,208,115.457,58,230
1331,32,108.906,58,182,225,123.316,58,247,208,115.490,51,256
1332,32,106.188,53,167,225,122.293,49,256,208,116.928,58,264
1333,32,107.312,57,169,225,122.351,51,248,208,116.236,41,259
1334,32,107.969,58,173,225,123.707,55,256,208,116.788,58,249
1335,32,109.531,53,181,225,123.649,57,245,208,116.841,58,272
1336,32,108.812,60,176,225,124.449,53,243,208,116.981,62,256
1337,32,107.594,55,185,225,125.093,56,264,208,118.438,51,259
1338,32,107.375,55,179,225,128.169,53,257,208,123.702,61,235
1339,32,108.906,54,166,225,129.271,52,261,208,123.322,59,261
1340,32,105.969,54,173,225,127.467,52,252,208,120.817,52,249
1341,32,106.875,62,168,225,126.520,54,251,208,121.091,54,247
1342,32,107.250,56,175,225,125.062,59,250,208,119.986,53,247
1343,32,107.406,55,177,225,126.240,52,261,208,118.053,47,243
1344,32,107.156,61,172,225,124.236,53,250,208,117.620,60,240
1345,32,106.125,59,202,225,124.631,53,243,208,117.553,56,246
1346,32,105.188,58,186,225,124.356,57,248,208,117.562,62,244
1347,32,109.562,56,159,225,123.596,55,244,208,118.096,55,235
1348,32,110.438,61,177,225,123.871,52,232,208,116.370,58,233
1349,32,107.938,64,163,225,123.204,57,260,208,118.442,53,254
1350,32,108.781,58,196,225,123.716,52,264,208,117.111,60,238
1351,32,108.469,56,177,225,123.902,50,234,208,117.303,59,234
1352,32,105.344,55,161,225,122.618,56,228,208,118.274,55,266
1353,32,108.469,65,182,225,123.733,60,231,208,116.889,56,235
1354,32,108.344,56,195,225,122.907,55,239,208,116.332,52,253
1355,32,107.125,59,173,225,122.973,49,252,208,116.611,58,264
1356,32,105.500,60,187,225,123.573,52,247,208,117.596,60,240
1357,32,106.281,51,181,225,124.302,54,245,208,116.577,51,227
1358,32,105.094,53,180,225,122.111,55,247,208,116.087,56,240
1359,32,105.625,55,187,225,123.160,53,251,208,116.995,52,233
1360,32,104.844,56,186,225,123.271,47,236,208,116.173,59,242
1361,32,105.562,58,184,225,122.689,55,233,208,115.673,54,241
1362,32,108.000,62,184,225,122.724,52,254,208,117.188,58,231
1363,32,105.062,57,186,225,122.409,57,249,208,116.837,56,243
1364,32,105.188,67,183,225,123.507,50,220,208,115.808,59,222
1365,32,104.438,55,158,225,122.502,52,249,208,115.337,56,257
1366,32,106.500,51,158,225,121.796,55,240,208,116.188,58,248
1367,32,110.094,62,177,225,121.756,63,244,208,117.452,56,261
1368,32,109.812,66,168,225,122.569,58,261,208,115.798,56,234
1369,32,105.094,52,175,225,122.876,61,259,208,116.582,49,244
1370,32,105.656,61,178,225,122.604,54,271,208,116.856,56,260
1371,32,105.438,54,172,225,122.324,55,228,208,116.740,52,274
1372,32,106.344,60,159,225,122.191,47,254,208,118.630,60,251
1373,32,106.031,59,175,225,122.324,57,272,208,117.524,55,253
1374,32,105.562,57,172,225,123.160,51,239,208,115.428,56,265
1375,32,104.906,56,188,225,121.707,57,257,208,117.596,54,235
1376,32,105.906,56,193,225,120.969,57,245,208,116.216,56,239
1377,32,106.062,58,170,225,122.493,53,247,208,116.341,51,239
1378,32,105.062,50,167,225,121.156,51,248,208,117.447,58,245
1379,32,105.625,53,175,225,122.080,54,255,208,117.279,59,272
1380,32,105.000,59,175,225,121.618,53,239,208,116.293,59,247
1381,32,104.906,58,172,225,122.098,57,243,208,116.457,61,246
1382,32,104.219,61,177,225,122.564,56,246,208,115.894,55,249
1383,32,104.938,62,165,225,121.307,54,255,208,118.000,59,241
1384,32,104.875,64,174,225,121.707,52,263,208,116.971,63,229
1385,32,103.594,59,181,225,122.044,49,248,208,116.115,54,242
1386,32,107.031,51,173,225,122.169,53,252,208,115.731,55,232
1387,32,105.250,51,169,225,121.129,59,250,208,118.192,55,229
1388,32,104.750,60,176,225,121.360,51,216,208,117.221,57,259
1389,32,104.875,55,172,225,121.738,48,254,208,117.231,59,248
1390,32,104.781,64,181,225,121.653,53,240,208,117.317,51,241
1391,32,105.969,51,166,225,121.538,54,248,208,116.981,55,249
1392,32,105.625,59,174,225,121.498,52,237,208,116.639,56,261
1393,32,103.625,56,173,225,121.591,55,247,208,116.683,57,254
1394,32,105.094,59,192,225,122.382,54,234,208,118.394,59,261
1395,32,104.719,60,187,225,121.209,52,252,208,117.611,56,247
1396,32,105.031,55,193,225,122.542,54,247,208,116.149,59,273
1397,32,106.406,63,176,225,121.307,59,246,208,116.058,51,248
1398,32,107.406,59,175,225,123.111,59,246,208,117.904,57,258
1399,32,107.875,59,183,225,121.351,57,257,208,117.317,56,256
1400,32,101.531,51,156,225,120.769,54,230,208,116.870,57,256
1401,32,104.938,54,188,225,121.040,49,223,208,116.486,60,269
1402,32,103.656,53,173,225,122.471,56,237,208,116.726,55,269
1403,32,105.781,56,178,225,119.902,56,258,208,117.144,53,243
1404,32,105.594,63,191,225,121.476,49,237,208,116.630,45,253
1405,32,106.688,50,192,225,122.080,56,251,208,117.673,59,249
1406,32,107.000,59,194,225,121.933,48,244,208,118.226,55,244
1407,32,104.688,59,196,225,120.378,57,252,208,118.490,56,254
1408,32,108.250,58,190,225,122.320,55,250,208,118.413,58,260
1409,32,105.406,66,206,225,121.867,54,237,208,116.986,50,251
1410,32,105.531,56,189,225,122.098,55,252,208,117.447,55,249
1411,32,103.844,55,191,225,121.147,53,233,208,118.135,51,249
1412,32,102.344,59,189,225,121.591,51,260,208,120.087,61,270
1413,32,105.812,59,202,225,121.267,56,255,208,118.135,51,247
1414,32,102.875,58,187,225,120.764,59,243,208,117.779,53,238
1415,32,99.562,52,180,225,121.262,57,230,208,118.072,56,253
1416,32,101.469,61,194,225,121.049,56,273,208,118.365,57,236
1417,32,99.906,52,187,225,121.596,51,231,208,118.413,58,256
1418,32,99.594,63,165,225,122.840,55,250,208,119.096,58,240
1419,32,96.125,56,166,225,120.987,51,240,208,118.601,52,263
1420,32,97.469,59,178,225,121.698,56,242,208,117.495,55,241
1421,32,99.312,55,179,225,119.933,48,251,208,118.279,59,241
1422,32,98.000,52,185,225,121.062,57,230,208,117.745,57,243
1423,32,97.500,51,176,225,122.458,55,256,208,117.625,57,246
1424,32,96.250,56,174,225,121.671,49,248,208,117.240,55,241
1425,32,95.750,58,165,225,121.476,53,254,208,117.284,57,248
1426,32,98.156,62,183,225,122.476,54,258,208,118.870,58,263
1427,32,97.500,56,181,225,122.080,55,263,208,117.889,58,259
1428,32,95.531,60,197,225,122.049,52,257,208,117.726,55,267
1429,32,97.312,57,193,225,122.471,54,242,208,116.947,54,253
1430,32,99.312,60,181,225,123.382,56,261,208,117.697,56,257
1431,32,97.688,56,186,225,123.742,51,256,208,117.707,58,249
1432,32,97.781,49,179,225,121.262,58,235,208,117.702,59,262
1433,32,96.438,50,180,225,123.284,46,241,208,117.216,56,246
1434,32,97.062,60,161,225,123.284,52,240,208,117.462,56,260
1435,32,94.281,54,189,225,121.969,53,258,208,118.010,59,242
1436,32,95.750,54,193,225,123.738,46,262,208,117.947,63,267
1437,32,95.656,55,179,225,122.004,51,279,208,118.274,57,257
1438,32,96.656,63,192,225,122.964,55,243,208,117.481,58,248
1439,32,95.656,58,186,225,122.916,52,260,208,118.966,53,260
1440,32,96.969,55,176,225,122.324,51,271,208,116.962,56,261
1441,32,97.969,59,172,225,123.858,54,271,208,118.034,57,254
1442,32,95.094,55,197,225,122.996,55,265,208,117.731,56,253
1443,32,97.969,61,165,225,124.031,49,252,208,118.678,54,255
1444,32,99.438,52,202,225,122.773,45,252,208,118.048,48,241
1445,32,97.688,54,188,225,122.533,54,262,208,117.558,58,250
1446,32,100.281,47,198,225,122.618,51,222,208,117.226,55,252
1447,32,96.875,55,181,225,122.169,53,230,208,117.389,58,248
1448,32,95.781,56,183,225,122.236,58,259,208,117.875,55,250
1449,32,98.375,46,202,225,121.462,45,229,208,118.062,57,258
1450,32,94.406,55,178,225,121.476,54,233,208,118.058,50,260
1451,32,95.781,55,193,225,122.489,53,258,208,118.188,51,245
1452,32,95.469,54,181,225,122.231,45,222,208,116.952,47,236
1453,32,96.719,62,177,225,120.231,47,253,208,117.226,57,256
1454,32,96.875,57,196,225,121.396,47,247,208,117.567,52,252
1455,32,95.969,60,185,225,120.240,56,244,208,117.750,51,246
1456,32,96.188,55,178,225,122.187,58,249,208,119.005,54,255
1457,32,94.031,55,182,225,121.942,52,238,208,118.240,58,250
1458,32,98.562,48,207,225,122.373,55,249,208,118.365,60,258
1459,32,94.594,55,163,225,120.516,54,214,208,118.053,54,251
1460,32,98.156,54,183,225,122.271,52,255,208,117.899,52,247
1461,32,98.000,53,190,225,121.969,56,238,208,117.385,48,258
1462,32,95.625,62,169,225,122.751,48,233,208,119.192,54,246
1463,32,94.656,49,194,225,121.893,55,252,208,118.692,53,243
1464,32,93.844,57,194,225,120.933,56,229,208,117.606,58,237
1465,32,95.312,52,181,225,121.000,53,232,208,118.500,60,245
1466,32,99.125,57,181,225,121.244,52,251,208,116.144,58,251
1467,32,97.000,57,188,225,120.213,54,245,208,117.029,58,267
1468,32,94.469,47,172,225,120.987,57,267,208,118.240,57,265
1469,32,100.250,58,194,225,122.124,52,260,208,117.620,61,243
1470,32,95.406,55,186,225,121.044,54,240,208,118.712,58,267
1471,32,95.531,59,184,225,121.231,51,245,208,117.587,51,260
1472,32,95.938,58,168,225,122.498,48,269,208,119.274,58,236
1473,32,95.094,55,192,225,121.787,52,241,208,118.486,54,250
1474,32,95.812,62,169,225,121.404,58,260,208,118.308,60,252
1475,32,96.000,54,178,225,121.253,55,252,208,119.062,53,255
1476,32,93.219,59,180,225,122.556,49,250,208,120.231,59,256
1477,32,94.531,54,180,225,121.800,60,244,208,118.822,53,238
1478,32,94.469,57,169,225,122.658,53,249,208,119.644,53,245
